Record Length,2500,Points,-59.999998E-6,19.6013E-3,
Sample Interval,1.000E-6,s,-58.999998E-6,19.6013E-3,
Trigger Point,59.999999,Samples,-57.999998E-6,19.6013E-3,
,,,-56.999997E-6,19.8013E-3,
,,,-55.999997E-6,19.4012E-3,
,,,-54.999997E-6,19.6013E-3,
Source,CH1,,-54.00000E-6,19.8013E-3,
Vertical Units,Volts,,-53.00000E-6,19.6013E-3,
Vertical Scale,5.11986E-3,,-52.00000E-6,19.6013E-3,
Vertical Offset,0,,-51.00000E-6,19.2012E-3,
Horizontal Units,s,,-50.00000E-6,19.2012E-3,
Horizontal Scale,250.00000E-6,,-49.00000E-6,19.6013E-3,
Pt Fmt,Y,,-48.00000E-6,18.8012E-3,
Yzero,-1.8361,,-47.00000E-6,18.6012E-3,
Probe Atten,10.0000,,-46.00000E-6,19.2012E-3,
,,,-45.00000E-6,17.8011E-3,
Note,TDS 1002B - 10:04:38   06/12/2018,,-44.00000E-6,17.8011E-3,
,,,-43.00000E-6,18.8012E-3,
,,,-42.00000E-6,18.0012E-3,
,,,-41.00000E-6,17.4011E-3,
,,,-40.00000E-6,18.8012E-3,
,,,-39.00000E-6,17.8011E-3,
,,,-38.00000E-6,19.0012E-3,
,,,-37.00000E-6,18.4012E-3,
,,,-36.00000E-6,18.4012E-3,
,,,-35.00000E-6,17.8011E-3,
,,,-34.00000E-6,19.0012E-3,
,,,-33.00000E-6,18.4012E-3,
,,,-32.00000E-6,18.6012E-3,
,,,-31.00000E-6,18.2012E-3,
,,,-30.00000E-6,18.0012E-3,
,,,-29.00000E-6,18.6012E-3,
,,,-28.00000E-6,17.8011E-3,
,,,-27.00000E-6,18.2012E-3,
,,,-26.00000E-6,17.8011E-3,
,,,-25.00000E-6,17.2011E-3,
,,,-24.00000E-6,17.2011E-3,
,,,-23.00000E-6,17.8011E-3,
,,,-22.00000E-6,17.0011E-3,
,,,-21.00000E-6,17.8011E-3,
,,,-20.0000E-6,16.8011E-3,
,,,-19.0000E-6,17.4011E-3,
,,,-18.0000E-6,16.8011E-3,
,,,-17.0000E-6,16.6011E-3,
,,,-16.0000E-6,16.6011E-3,
,,,-15.0000E-6,17.0011E-3,
,,,-14.0000E-6,16.4010E-3,
,,,-13.0000E-6,16.4010E-3,
,,,-12.0000E-6,16.2010E-3,
,,,-11.0000E-6,16.2010E-3,
,,,-9.999999E-6,16.2010E-3,
,,,-8.999998E-6,15.6010E-3,
,,,-7.999999E-6,15.2010E-3,
,,,-7.00000E-6,16.0010E-3,
,,,-6.00000E-6,15.0010E-3,
,,,-5.00000E-6,14.8009E-3,
,,,-4.00000E-6,14.8009E-3,
,,,-3.00000E-6,14.2009E-3,
,,,-2.0000E-6,14.0009E-3,
,,,-1.000E-6,14.4009E-3,
,,,1.3642E-12,13.8009E-3,
,,,1.0000E-6,13.4009E-3,
,,,2.0000E-6,13.4009E-3,
,,,3.00000E-6,13.2008E-3,
,,,4.00000E-6,12.4008E-3,
,,,5.00000E-6,12.4008E-3,
,,,6.00000E-6,12.6008E-3,
,,,7.00000E-6,12.0008E-3,
,,,8.000001E-6,12.2008E-3,
,,,9.000001E-6,11.0007E-3,
,,,10.0000E-6,11.2007E-3,
,,,11.0000E-6,11.0007E-3,
,,,12.0000E-6,10.2007E-3,
,,,13.0000E-6,10.6007E-3,
,,,14.0000E-6,9.400601E-3,
,,,15.0000E-6,10.8007E-3,
,,,16.0000E-6,9.400601E-3,
,,,17.0000E-6,9.600614E-3,
,,,18.0000E-6,10.0006E-3,
,,,19.0000E-6,8.800563E-3,
,,,20.0000E-6,8.400538E-3,
,,,21.00000E-6,9.000576E-3,
,,,22.00000E-6,8.200524E-3,
,,,23.00000E-6,8.400538E-3,
,,,24.00000E-6,8.000512E-3,
,,,25.00000E-6,7.00045E-3,
,,,26.00000E-6,7.400474E-3,
,,,27.00000E-6,7.800499E-3,
,,,28.00000E-6,6.40041E-3,
,,,29.00000E-6,6.40041E-3,
,,,30.00000E-6,6.00038E-3,
,,,31.00000E-6,5.60036E-3,
,,,32.00000E-6,6.20040E-3,
,,,33.00000E-6,6.20040E-3,
,,,34.00000E-6,5.20033E-3,
,,,35.00000E-6,5.40035E-3,
,,,36.00000E-6,4.80031E-3,
,,,37.00000E-6,5.00032E-3,
,,,38.00000E-6,4.80031E-3,
,,,39.00000E-6,3.60023E-3,
,,,40.00000E-6,4.40028E-3,
,,,41.00000E-6,4.00026E-3,
,,,42.00000E-6,2.80018E-3,
,,,43.00000E-6,4.20027E-3,
,,,44.00000E-6,3.80024E-3,
,,,45.00000E-6,2.80018E-3,
,,,46.00000E-6,3.40022E-3,
,,,47.00000E-6,2.80018E-3,
,,,48.00000E-6,2.2001E-3,
,,,49.00000E-6,3.20020E-3,
,,,50.00000E-6,2.0001E-3,
,,,51.00000E-6,2.2001E-3,
,,,52.00000E-6,2.4002E-3,
,,,53.00000E-6,1.8001E-3,
,,,54.00000E-6,2.4002E-3,
,,,55.000000E-6,2.2001E-3,
,,,56.000001E-6,1.2001E-3,
,,,57.000001E-6,1.2001E-3,
,,,58.000001E-6,1.4001E-3,
,,,59.000002E-6,200.01280E-6,
,,,60.000002E-6,800.051203E-6,
,,,61.000002E-6,200.01280E-6,
,,,61.999999E-6,600.038387E-6,
,,,62.999999E-6,200.01280E-6,
,,,64.000000E-6,200.01280E-6,
,,,65.000000E-6,-200.01280E-6,
,,,66.000001E-6,-600.038387E-6,
,,,67.000001E-6,-600.038387E-6,
,,,68.000001E-6,200.01280E-6,
,,,69.000002E-6,-1.6001E-3,
,,,70.000002E-6,-600.038387E-6,
,,,71.000002E-6,-600.038387E-6,
,,,72.000003E-6,-1.2001E-3,
,,,73.000003E-6,0.0,
,,,74.000003E-6,-1.2001E-3,
,,,75.000004E-6,-1.4001E-3,
,,,76.000004E-6,-400.02560E-6,
,,,77.000004E-6,-600.038387E-6,
,,,78.000005E-6,-1.8001E-3,
,,,78.999998E-6,-600.038387E-6,
,,,79.999998E-6,-1.2001E-3,
,,,80.999998E-6,-1.6001E-3,
,,,81.999999E-6,-1.2001E-3,
,,,82.999999E-6,-2.0001E-3,
,,,83.999999E-6,-1.2001E-3,
,,,85.000000E-6,-1.2001E-3,
,,,86.000000E-6,-1.6001E-3,
,,,87.000000E-6,0.0,
,,,88.000001E-6,-600.038387E-6,
,,,89.000001E-6,-800.051203E-6,
,,,90.000001E-6,200.01280E-6,
,,,91.000002E-6,-1.0001E-3,
,,,92.000002E-6,-600.038387E-6,
,,,93.000002E-6,200.01280E-6,
,,,94.000003E-6,-600.038387E-6,
,,,95.000003E-6,0.0,
,,,96.000003E-6,200.01280E-6,
,,,97.000004E-6,-400.02560E-6,
,,,98.000004E-6,-200.01280E-6,
,,,99.000004E-6,200.01280E-6,
,,,100.0000E-6,200.01280E-6,
,,,101.0000E-6,800.051203E-6,
,,,102.0000E-6,0.0,
,,,103.0000E-6,200.01280E-6,
,,,104.0000E-6,1.8001E-3,
,,,105.0000E-6,400.02560E-6,
,,,106.0000E-6,1.2001E-3,
,,,107.0000E-6,1.4001E-3,
,,,108.0000E-6,1.2001E-3,
,,,109.0000E-6,1.8001E-3,
,,,110.0000E-6,1.6001E-3,
,,,111.0000E-6,1.6001E-3,
,,,112.0000E-6,2.2001E-3,
,,,113.0000E-6,1.8001E-3,
,,,114.0000E-6,1.6001E-3,
,,,115.0000E-6,2.80018E-3,
,,,116.0000E-6,2.0001E-3,
,,,117.0000E-6,2.4002E-3,
,,,118.0000E-6,3.20020E-3,
,,,119.0000E-6,2.4002E-3,
,,,120.0000E-6,3.40022E-3,
,,,121.0000E-6,3.80024E-3,
,,,122.0000E-6,3.00019E-3,
,,,123.0000E-6,4.20027E-3,
,,,124.0000E-6,4.20027E-3,
,,,125.0000E-6,4.20027E-3,
,,,126.0000E-6,5.40035E-3,
,,,127.0000E-6,3.00019E-3,
,,,128.0000E-6,4.80031E-3,
,,,129.0000E-6,4.40028E-3,
,,,130.0000E-6,5.00032E-3,
,,,131.0000E-6,4.00026E-3,
,,,132.0000E-6,4.40028E-3,
,,,133.0000E-6,5.20033E-3,
,,,134.0000E-6,5.20033E-3,
,,,135.0000E-6,5.20033E-3,
,,,136.0000E-6,5.20033E-3,
,,,137.0000E-6,5.20033E-3,
,,,138.0000E-6,5.40035E-3,
,,,139.0000E-6,6.00038E-3,
,,,140.0000E-6,5.60036E-3,
,,,141.0000E-6,6.40041E-3,
,,,142.0000E-6,6.60042E-3,
,,,143.0000E-6,6.00038E-3,
,,,144.0000E-6,6.20040E-3,
,,,145.0000E-6,6.80044E-3,
,,,146.0000E-6,5.40035E-3,
,,,147.0000E-6,5.20033E-3,
,,,148.0000E-6,6.80044E-3,
,,,149.00000E-6,6.60042E-3,
,,,150.00001E-6,6.20040E-3,
,,,151.00000E-6,6.00038E-3,
,,,152.00001E-6,5.60036E-3,
,,,153.00000E-6,6.00038E-3,
,,,153.99999E-6,5.80037E-3,
,,,155.00000E-6,6.00038E-3,
,,,155.99999E-6,6.00038E-3,
,,,157.00000E-6,6.40041E-3,
,,,158.00000E-6,5.40035E-3,
,,,159.00000E-6,6.20040E-3,
,,,160.00000E-6,5.60036E-3,
,,,161.00000E-6,5.40035E-3,
,,,162.00000E-6,5.40035E-3,
,,,163.00000E-6,4.80031E-3,
,,,164.00000E-6,5.00032E-3,
,,,165.00000E-6,5.40035E-3,
,,,166.00000E-6,4.20027E-3,
,,,167.00001E-6,4.60029E-3,
,,,168.00000E-6,4.60029E-3,
,,,169.00001E-6,4.80031E-3,
,,,170.00000E-6,4.40028E-3,
,,,171.00001E-6,3.60023E-3,
,,,172.00000E-6,4.20027E-3,
,,,173.00001E-6,4.20027E-3,
,,,174.00000E-6,3.80024E-3,
,,,174.99999E-6,3.40022E-3,
,,,176.00000E-6,4.20027E-3,
,,,176.99999E-6,3.20020E-3,
,,,178.00000E-6,4.00026E-3,
,,,179.00000E-6,3.80024E-3,
,,,180.00000E-6,2.6002E-3,
,,,181.00000E-6,4.20027E-3,
,,,182.00000E-6,2.4002E-3,
,,,183.00000E-6,2.6002E-3,
,,,184.00000E-6,3.20020E-3,
,,,185.00000E-6,3.00019E-3,
,,,186.00000E-6,1.8001E-3,
,,,187.00000E-6,2.80018E-3,
,,,188.00001E-6,2.2001E-3,
,,,189.00000E-6,1.8001E-3,
,,,190.00001E-6,2.6002E-3,
,,,191.00000E-6,2.0001E-3,
,,,192.00001E-6,1.4001E-3,
,,,193.00000E-6,2.2001E-3,
,,,194.00001E-6,1.6001E-3,
,,,195.00000E-6,1.8001E-3,
,,,196.00001E-6,1.4001E-3,
,,,197.00000E-6,400.02560E-6,
,,,197.99999E-6,1.0001E-3,
,,,199.00000E-6,1.4001E-3,
,,,199.99999E-6,400.02560E-6,
,,,201.00000E-6,200.01280E-6,
,,,202.00000E-6,400.02560E-6,
,,,203.00000E-6,200.01280E-6,
,,,204.00000E-6,0.0,
,,,205.00000E-6,0.0,
,,,206.00000E-6,200.01280E-6,
,,,207.00000E-6,-200.01280E-6,
,,,208.00000E-6,-1.0001E-3,
,,,209.00001E-6,200.01280E-6,
,,,210.00000E-6,-800.051203E-6,
,,,211.00001E-6,-1.0001E-3,
,,,212.00000E-6,-1.0001E-3,
,,,213.00001E-6,-1.0001E-3,
,,,214.00000E-6,-1.2001E-3,
,,,215.00001E-6,-1.0001E-3,
,,,216.00000E-6,-2.0001E-3,
,,,217.00001E-6,-1.2001E-3,
,,,218.00000E-6,-1.8001E-3,
,,,218.99999E-6,-1.8001E-3,
,,,220.00000E-6,-1.2001E-3,
,,,220.99999E-6,-2.2001E-3,
,,,222.00000E-6,-2.2001E-3,
,,,223.00000E-6,-1.6001E-3,
,,,224.00000E-6,-2.2001E-3,
,,,225.00000E-6,-1.6001E-3,
,,,226.00000E-6,-1.4001E-3,
,,,227.00000E-6,-2.6002E-3,
,,,228.00000E-6,-1.6001E-3,
,,,229.00000E-6,-3.00019E-3,
,,,230.00001E-6,-2.6002E-3,
,,,231.00000E-6,-1.8001E-3,
,,,232.00001E-6,-2.2001E-3,
,,,233.00000E-6,-2.0001E-3,
,,,234.00001E-6,-1.6001E-3,
,,,235.00000E-6,-2.6002E-3,
,,,236.00001E-6,-1.6001E-3,
,,,237.00000E-6,-3.20020E-3,
,,,238.00001E-6,-2.6002E-3,
,,,239.00000E-6,-1.0001E-3,
,,,239.99999E-6,-2.2001E-3,
,,,241.00000E-6,-2.0001E-3,
,,,241.99999E-6,-2.0001E-3,
,,,243.00000E-6,-2.80018E-3,
,,,244.00000E-6,-2.0001E-3,
,,,245.00000E-6,-1.2001E-3,
,,,246.00001E-6,-2.6002E-3,
,,,246.99999E-6,-2.2001E-3,
,,,248.00000E-6,-1.6001E-3,
,,,249.00000E-6,-2.6002E-3,
,,,250.00001E-6,-2.0001E-3,
,,,250.99999E-6,-1.6001E-3,
,,,252.00000E-6,-2.2001E-3,
,,,253.00001E-6,-1.8001E-3,
,,,254.00001E-6,-1.2001E-3,
,,,254.99999E-6,-1.2001E-3,
,,,256.00000E-6,-1.0001E-3,
,,,257.00001E-6,-400.02560E-6,
,,,258.00001E-6,-600.038387E-6,
,,,258.99999E-6,-600.038387E-6,
,,,260.00000E-6,0.0,
,,,261.00001E-6,-200.01280E-6,
,,,261.99999E-6,0.0,
,,,262.99999E-6,-200.01280E-6,
,,,264.00000E-6,-200.01280E-6,
,,,265.00001E-6,-200.01280E-6,
,,,265.99999E-6,-400.02560E-6,
,,,267.00000E-6,0.0,
,,,268.00000E-6,400.02560E-6,
,,,269.00001E-6,1.0001E-3,
,,,269.99999E-6,200.01280E-6,
,,,271.00000E-6,800.051203E-6,
,,,272.00000E-6,800.051203E-6,
,,,273.00001E-6,1.2001E-3,
,,,273.99999E-6,1.8001E-3,
,,,275.00000E-6,1.2001E-3,
,,,276.00001E-6,1.4001E-3,
,,,277.00001E-6,2.2001E-3,
,,,277.99999E-6,1.6001E-3,
,,,279.00000E-6,1.6001E-3,
,,,280.00001E-6,2.2001E-3,
,,,281.00002E-6,1.8001E-3,
,,,281.99999E-6,2.2001E-3,
,,,283.00000E-6,2.2001E-3,
,,,284.00001E-6,2.4002E-3,
,,,284.99999E-6,2.0001E-3,
,,,285.99999E-6,2.4002E-3,
,,,287.00000E-6,2.2001E-3,
,,,288.00001E-6,2.80018E-3,
,,,288.99999E-6,2.6002E-3,
,,,290.00000E-6,2.2001E-3,
,,,291.00000E-6,3.40022E-3,
,,,292.00001E-6,3.60023E-3,
,,,292.99999E-6,2.80018E-3,
,,,294.00000E-6,4.20027E-3,
,,,295.00001E-6,3.00019E-3,
,,,296.00001E-6,2.80018E-3,
,,,296.99999E-6,3.80024E-3,
,,,298.00000E-6,3.20020E-3,
,,,299.00001E-6,2.6002E-3,
,,,300.00001E-6,3.40022E-3,
,,,300.99999E-6,3.00019E-3,
,,,302.00000E-6,3.20020E-3,
,,,303.00001E-6,3.80024E-3,
,,,303.99999E-6,3.00019E-3,
,,,304.99999E-6,3.40022E-3,
,,,306.00000E-6,3.60023E-3,
,,,307.00001E-6,4.20027E-3,
,,,307.99999E-6,4.00026E-3,
,,,309.00000E-6,4.00026E-3,
,,,310.00000E-6,4.20027E-3,
,,,311.00001E-6,3.60023E-3,
,,,311.99999E-6,3.80024E-3,
,,,313.00000E-6,3.60023E-3,
,,,314.00000E-6,3.20020E-3,
,,,315.00001E-6,3.20020E-3,
,,,315.99999E-6,3.00019E-3,
,,,317.00000E-6,3.40022E-3,
,,,318.00001E-6,3.20020E-3,
,,,319.00001E-6,3.20020E-3,
,,,319.99999E-6,2.6002E-3,
,,,321.00000E-6,2.80018E-3,
,,,322.00001E-6,2.80018E-3,
,,,323.00001E-6,2.80018E-3,
,,,323.99999E-6,3.00019E-3,
,,,325.00000E-6,2.4002E-3,
,,,326.00001E-6,3.20020E-3,
,,,326.99999E-6,2.80018E-3,
,,,327.99999E-6,2.2001E-3,
,,,329.00000E-6,1.8001E-3,
,,,330.00001E-6,2.2001E-3,
,,,330.99999E-6,2.2001E-3,
,,,332.00000E-6,2.0001E-3,
,,,333.00000E-6,1.6001E-3,
,,,334.00001E-6,1.6001E-3,
,,,334.99999E-6,1.6001E-3,
,,,336.00000E-6,1.8001E-3,
,,,337.00000E-6,1.2001E-3,
,,,338.00001E-6,1.2001E-3,
,,,338.99999E-6,1.2001E-3,
,,,340.00000E-6,1.4001E-3,
,,,341.00001E-6,800.051203E-6,
,,,342.00001E-6,600.038387E-6,
,,,342.99999E-6,1.4001E-3,
,,,344.00000E-6,200.01280E-6,
,,,345.00001E-6,0.0,
,,,345.99999E-6,400.02560E-6,
,,,346.99999E-6,200.01280E-6,
,,,348.00000E-6,-1.0001E-3,
,,,349.00001E-6,200.01280E-6,
,,,349.99999E-6,-1.0001E-3,
,,,351.00000E-6,-1.0001E-3,
,,,352.00000E-6,200.01280E-6,
,,,353.00001E-6,-1.2001E-3,
,,,353.99999E-6,-600.038387E-6,
,,,355.00000E-6,-1.4001E-3,
,,,356.00000E-6,-1.6001E-3,
,,,357.00001E-6,-1.0001E-3,
,,,357.99999E-6,-1.0001E-3,
,,,359.00000E-6,-1.0001E-3,
,,,360.00001E-6,-1.2001E-3,
,,,361.00001E-6,-1.6001E-3,
,,,361.99999E-6,-2.0001E-3,
,,,363.00000E-6,-1.6001E-3,
,,,364.00001E-6,-2.2001E-3,
,,,365.00001E-6,-1.6001E-3,
,,,365.99999E-6,-1.8001E-3,
,,,367.00000E-6,-2.0001E-3,
,,,368.00001E-6,-1.8001E-3,
,,,368.99999E-6,-2.0001E-3,
,,,369.99999E-6,-2.4002E-3,
,,,371.00000E-6,-2.0001E-3,
,,,372.00001E-6,-2.0001E-3,
,,,372.99999E-6,-2.0001E-3,
,,,374.00000E-6,-2.6002E-3,
,,,375.00000E-6,-3.20020E-3,
,,,376.00001E-6,-2.2001E-3,
,,,376.99999E-6,-2.80018E-3,
,,,378.00000E-6,-3.60023E-3,
,,,379.00000E-6,-2.80018E-3,
,,,380.00001E-6,-3.60023E-3,
,,,380.99999E-6,-3.40022E-3,
,,,382.00000E-6,-3.40022E-3,
,,,383.00001E-6,-4.00026E-3,
,,,384.00001E-6,-3.60023E-3,
,,,384.99999E-6,-2.80018E-3,
,,,386.00000E-6,-3.80024E-3,
,,,387.00001E-6,-3.60023E-3,
,,,387.99999E-6,-3.00019E-3,
,,,388.99999E-6,-3.40022E-3,
,,,390.00000E-6,-3.20020E-3,
,,,391.00001E-6,-3.80024E-3,
,,,391.99999E-6,-3.40022E-3,
,,,392.99999E-6,-3.20020E-3,
,,,394.00000E-6,-3.40022E-3,
,,,395.00001E-6,-3.80024E-3,
,,,395.99999E-6,-3.60023E-3,
,,,397.00000E-6,-3.80024E-3,
,,,398.00000E-6,-3.20020E-3,
,,,399.00001E-6,-3.40022E-3,
,,,399.99999E-6,-3.60023E-3,
,,,401.00000E-6,-2.6002E-3,
,,,402.00001E-6,-2.0001E-3,
,,,403.00001E-6,-3.00019E-3,
,,,403.999991E-6,-1.8001E-3,
,,,404.999999E-6,-1.0001E-3,
,,,406.000006E-6,-2.2001E-3,
,,,407.000014E-6,-2.0001E-3,
,,,407.999993E-6,-2.0001E-3,
,,,409.000000E-6,-1.4001E-3,
,,,410.000008E-6,-2.0001E-3,
,,,410.999986E-6,-1.8001E-3,
,,,411.999994E-6,-1.2001E-3,
,,,413.000002E-6,-1.8001E-3,
,,,414.000009E-6,-2.0001E-3,
,,,414.999988E-6,-800.051203E-6,
,,,415.999995E-6,-1.0001E-3,
,,,417.000003E-6,-1.8001E-3,
,,,418.000011E-6,-600.038387E-6,
,,,418.999989E-6,-1.0001E-3,
,,,419.999997E-6,-1.0001E-3,
,,,421.000004E-6,-200.01280E-6,
,,,422.000012E-6,0.0,
,,,422.999990E-6,-600.038387E-6,
,,,423.999998E-6,-400.02560E-6,
,,,425.000006E-6,0.0,
,,,426.000013E-6,-200.01280E-6,
,,,426.999992E-6,-600.038387E-6,
,,,427.999999E-6,-200.01280E-6,
,,,429.000007E-6,-400.02560E-6,
,,,430.000015E-6,200.01280E-6,
,,,430.999993E-6,0.0,
,,,432.000001E-6,0.0,
,,,433.000008E-6,0.0,
,,,433.999987E-6,200.01280E-6,
,,,434.999994E-6,-200.01280E-6,
,,,436.000002E-6,0.0,
,,,437.000010E-6,800.051203E-6,
,,,437.999988E-6,0.0,
,,,438.999996E-6,800.051203E-6,
,,,440.000003E-6,400.02560E-6,
,,,441.000011E-6,400.02560E-6,
,,,441.999990E-6,400.02560E-6,
,,,442.999997E-6,200.01280E-6,
,,,444.000005E-6,-200.01280E-6,
,,,445.000012E-6,800.051203E-6,
,,,445.999991E-6,200.01280E-6,
,,,446.999999E-6,400.02560E-6,
,,,448.000006E-6,800.051203E-6,
,,,449.000014E-6,600.038387E-6,
,,,449.999992E-6,600.038387E-6,
,,,451.000000E-6,1.4001E-3,
,,,452.000007E-6,800.051203E-6,
,,,452.999986E-6,600.038387E-6,
,,,453.999994E-6,600.038387E-6,
,,,455.000001E-6,800.051203E-6,
,,,456.000009E-6,800.051203E-6,
,,,456.999987E-6,800.051203E-6,
,,,457.999995E-6,400.02560E-6,
,,,459.000003E-6,1.2001E-3,
,,,460.000010E-6,800.051203E-6,
,,,460.999989E-6,200.01280E-6,
,,,461.999996E-6,1.2001E-3,
,,,463.000004E-6,400.02560E-6,
,,,464.000012E-6,600.038387E-6,
,,,464.999990E-6,800.051203E-6,
,,,465.999998E-6,600.038387E-6,
,,,467.000005E-6,600.038387E-6,
,,,468.000013E-6,0.0,
,,,468.999991E-6,200.01280E-6,
,,,469.999999E-6,1.6001E-3,
,,,471.000007E-6,200.01280E-6,
,,,472.000014E-6,600.038387E-6,
,,,472.999993E-6,1.2001E-3,
,,,474.000000E-6,-600.038387E-6,
,,,475.000008E-6,600.038387E-6,
,,,475.999987E-6,200.01280E-6,
,,,476.999994E-6,-200.01280E-6,
,,,478.000002E-6,200.01280E-6,
,,,479.000009E-6,200.01280E-6,
,,,479.999988E-6,0.0,
,,,480.999995E-6,400.02560E-6,
,,,482.000003E-6,600.038387E-6,
,,,483.000011E-6,200.01280E-6,
,,,483.999989E-6,200.01280E-6,
,,,484.999997E-6,0.0,
,,,486.000004E-6,400.02560E-6,
,,,487.000012E-6,200.01280E-6,
,,,487.999991E-6,-400.02560E-6,
,,,488.999998E-6,-200.01280E-6,
,,,490.000006E-6,0.0,
,,,491.000013E-6,-600.038387E-6,
,,,492.000021E-6,-200.01280E-6,
,,,493.000029E-6,-200.01280E-6,
,,,493.999978E-6,-1.0001E-3,
,,,494.999986E-6,-600.038387E-6,
,,,495.999993E-6,-800.051203E-6,
,,,497.000001E-6,-800.051203E-6,
,,,498.000009E-6,-800.051203E-6,
,,,499.000016E-6,-1.8001E-3,
,,,500.000024E-6,-1.4001E-3,
,,,500.999973E-6,-1.6001E-3,
,,,501.999981E-6,-800.051203E-6,
,,,502.999988E-6,-2.0001E-3,
,,,503.999996E-6,-1.4001E-3,
,,,505.000004E-6,-1.0001E-3,
,,,506.000011E-6,-1.6001E-3,
,,,507.000019E-6,-1.6001E-3,
,,,508.000026E-6,-1.2001E-3,
,,,508.999976E-6,-1.6001E-3,
,,,509.999983E-6,-2.2001E-3,
,,,510.999991E-6,-1.8001E-3,
,,,511.999999E-6,-2.2001E-3,
,,,513.000006E-6,-1.0001E-3,
,,,514.000014E-6,-2.0001E-3,
,,,515.000022E-6,-2.0001E-3,
,,,515.999971E-6,-2.2001E-3,
,,,516.999979E-6,-2.6002E-3,
,,,517.999986E-6,-1.8001E-3,
,,,518.999994E-6,-1.2001E-3,
,,,520.000001E-6,-2.4002E-3,
,,,521.000009E-6,-1.8001E-3,
,,,522.000017E-6,-2.0001E-3,
,,,523.000024E-6,-2.2001E-3,
,,,523.999974E-6,-1.4001E-3,
,,,524.999981E-6,-2.0001E-3,
,,,525.999989E-6,-2.6002E-3,
,,,526.999997E-6,-1.8001E-3,
,,,528.000004E-6,-2.0001E-3,
,,,529.000012E-6,-3.00019E-3,
,,,530.000019E-6,-2.2001E-3,
,,,531.000027E-6,-2.4002E-3,
,,,531.999976E-6,-2.4002E-3,
,,,532.999984E-6,-2.2001E-3,
,,,533.999992E-6,-2.2001E-3,
,,,534.999999E-6,-2.80018E-3,
,,,536.000007E-6,-2.80018E-3,
,,,537.000014E-6,-3.00019E-3,
,,,538.000022E-6,-2.4002E-3,
,,,538.999971E-6,-2.6002E-3,
,,,539.999979E-6,-2.80018E-3,
,,,540.999987E-6,-2.6002E-3,
,,,541.999994E-6,-3.40022E-3,
,,,543.000002E-6,-3.20020E-3,
,,,544.000010E-6,-3.20020E-3,
,,,545.000017E-6,-3.00019E-3,
,,,546.000025E-6,-3.00019E-3,
,,,546.999974E-6,-2.6002E-3,
,,,547.999982E-6,-3.00019E-3,
,,,548.999989E-6,-3.00019E-3,
,,,549.999997E-6,-2.6002E-3,
,,,551.000005E-6,-3.00019E-3,
,,,552.000012E-6,-2.80018E-3,
,,,553.000020E-6,-3.20020E-3,
,,,554.000027E-6,-3.00019E-3,
,,,554.999977E-6,-3.20020E-3,
,,,555.999984E-6,-3.20020E-3,
,,,556.999992E-6,-2.80018E-3,
,,,558.000000E-6,-3.60023E-3,
,,,559.000007E-6,-3.40022E-3,
,,,560.000015E-6,-3.00019E-3,
,,,561.000023E-6,-2.80018E-3,
,,,561.999972E-6,-3.20020E-3,
,,,562.999980E-6,-2.80018E-3,
,,,563.999987E-6,-3.40022E-3,
,,,564.999995E-6,-3.00019E-3,
,,,566.000002E-6,-1.8001E-3,
,,,567.000010E-6,-3.00019E-3,
,,,568.000018E-6,-1.4001E-3,
,,,569.000025E-6,-2.6002E-3,
,,,569.999975E-6,-3.00019E-3,
,,,570.999982E-6,-2.6002E-3,
,,,571.999990E-6,-2.6002E-3,
,,,572.999998E-6,-1.8001E-3,
,,,574.000005E-6,-1.6001E-3,
,,,575.000013E-6,-2.4002E-3,
,,,576.000020E-6,-2.2001E-3,
,,,577.000028E-6,-2.2001E-3,
,,,577.999977E-6,-2.2001E-3,
,,,578.999985E-6,-1.4001E-3,
,,,579.999993E-6,-800.051203E-6,
,,,581.000000E-6,-1.8001E-3,
,,,582.000008E-6,-600.038387E-6,
,,,583.000015E-6,-1.4001E-3,
,,,584.000023E-6,-1.2001E-3,
,,,584.999972E-6,-600.038387E-6,
,,,585.999980E-6,-1.4001E-3,
,,,586.999988E-6,-600.038387E-6,
,,,587.999995E-6,-400.02560E-6,
,,,589.000003E-6,-1.8001E-3,
,,,590.000011E-6,-800.051203E-6,
,,,591.000018E-6,-1.0001E-3,
,,,592.000026E-6,-1.6001E-3,
,,,592.999975E-6,-1.2001E-3,
,,,593.999983E-6,-800.051203E-6,
,,,594.999990E-6,-800.051203E-6,
,,,595.999998E-6,-200.01280E-6,
,,,597.000006E-6,-800.051203E-6,
,,,598.000013E-6,-400.02560E-6,
,,,599.000021E-6,-400.02560E-6,
,,,600.000028E-6,-200.01280E-6,
,,,600.999978E-6,200.01280E-6,
,,,601.999986E-6,-600.038387E-6,
,,,602.999993E-6,-1.2001E-3,
,,,604.000001E-6,200.01280E-6,
,,,605.000008E-6,-400.02560E-6,
,,,606.000016E-6,-1.2001E-3,
,,,607.000024E-6,-200.01280E-6,
,,,607.999973E-6,-800.051203E-6,
,,,608.999981E-6,-200.01280E-6,
,,,609.999988E-6,-1.0001E-3,
,,,610.999996E-6,-600.038387E-6,
,,,612.000003E-6,0.0,
,,,613.000011E-6,-600.038387E-6,
,,,614.000019E-6,-1.0001E-3,
,,,615.000026E-6,200.01280E-6,
,,,615.999976E-6,0.0,
,,,616.999983E-6,200.01280E-6,
,,,617.999991E-6,-400.02560E-6,
,,,618.999999E-6,-200.01280E-6,
,,,620.000006E-6,0.0,
,,,621.000014E-6,-400.02560E-6,
,,,622.000021E-6,-600.038387E-6,
,,,622.999971E-6,800.051203E-6,
,,,623.999978E-6,-800.051203E-6,
,,,624.999986E-6,-1.4001E-3,
,,,625.999994E-6,800.051203E-6,
,,,627.000001E-6,-1.6001E-3,
,,,628.000009E-6,0.0,
,,,629.000016E-6,200.01280E-6,
,,,630.000024E-6,-1.8001E-3,
,,,630.999974E-6,-200.01280E-6,
,,,631.999981E-6,600.038387E-6,
,,,632.999989E-6,-2.0001E-3,
,,,633.999996E-6,-400.02560E-6,
,,,635.000004E-6,-800.051203E-6,
,,,636.000012E-6,-1.2001E-3,
,,,637.000019E-6,-200.01280E-6,
,,,638.000027E-6,-1.0001E-3,
,,,638.999976E-6,-2.0001E-3,
,,,639.999984E-6,-1.2001E-3,
,,,640.999991E-6,-1.2001E-3,
,,,641.999999E-6,-1.0001E-3,
,,,643.000007E-6,-800.051203E-6,
,,,644.000014E-6,-1.4001E-3,
,,,645.000022E-6,-1.4001E-3,
,,,645.999971E-6,-800.051203E-6,
,,,646.999979E-6,-1.2001E-3,
,,,647.999987E-6,-1.4001E-3,
,,,648.999994E-6,-1.0001E-3,
,,,650.000002E-6,-1.4001E-3,
,,,651.000009E-6,-1.2001E-3,
,,,652.000017E-6,-1.4001E-3,
,,,653.000025E-6,-1.8001E-3,
,,,653.999974E-6,-1.6001E-3,
,,,654.999982E-6,-2.2001E-3,
,,,655.999989E-6,-1.8001E-3,
,,,656.999997E-6,-2.0001E-3,
,,,658.000004E-6,-2.80018E-3,
,,,659.000012E-6,-2.2001E-3,
,,,660.000020E-6,-2.6002E-3,
,,,661.000027E-6,-2.2001E-3,
,,,661.999977E-6,-2.0001E-3,
,,,662.999984E-6,-2.0001E-3,
,,,663.999992E-6,-2.4002E-3,
,,,665.000000E-6,-2.2001E-3,
,,,666.000007E-6,-2.2001E-3,
,,,667.000015E-6,-2.2001E-3,
,,,668.000022E-6,-2.2001E-3,
,,,668.999972E-6,-2.80018E-3,
,,,669.999979E-6,-2.2001E-3,
,,,670.999987E-6,-2.6002E-3,
,,,671.999995E-6,-2.2001E-3,
,,,673.000002E-6,-2.4002E-3,
,,,674.000010E-6,-3.20020E-3,
,,,675.000018E-6,-3.00019E-3,
,,,676.000025E-6,-3.00019E-3,
,,,676.999975E-6,-2.80018E-3,
,,,677.999982E-6,-3.20020E-3,
,,,678.999990E-6,-2.2001E-3,
,,,679.999997E-6,-3.40022E-3,
,,,681.000005E-6,-1.8001E-3,
,,,682.000013E-6,-3.00019E-3,
,,,683.000020E-6,-2.4002E-3,
,,,684.000028E-6,-3.20020E-3,
,,,684.999977E-6,-4.00026E-3,
,,,685.999985E-6,-3.00019E-3,
,,,686.999992E-6,-2.80018E-3,
,,,688.000000E-6,-3.80024E-3,
,,,689.000008E-6,-3.20020E-3,
,,,690.000015E-6,-3.40022E-3,
,,,691.000023E-6,-2.6002E-3,
,,,691.999972E-6,-3.20020E-3,
,,,692.999980E-6,-3.20020E-3,
,,,693.999988E-6,-2.80018E-3,
,,,694.999995E-6,-3.00019E-3,
,,,696.000003E-6,-2.80018E-3,
,,,697.000010E-6,-3.20020E-3,
,,,698.000018E-6,-3.00019E-3,
,,,699.000026E-6,-2.80018E-3,
,,,699.999975E-6,-3.00019E-3,
,,,700.999983E-6,-3.20020E-3,
,,,701.999990E-6,-3.20020E-3,
,,,702.999998E-6,-3.60023E-3,
,,,704.000005E-6,-3.40022E-3,
,,,705.000013E-6,-3.00019E-3,
,,,706.000021E-6,-3.40022E-3,
,,,707.000028E-6,-2.80018E-3,
,,,707.999978E-6,-2.4002E-3,
,,,708.999985E-6,-2.80018E-3,
,,,709.999993E-6,-2.4002E-3,
,,,711.000001E-6,-2.2001E-3,
,,,712.000008E-6,-2.4002E-3,
,,,713.000016E-6,-2.0001E-3,
,,,714.000023E-6,-1.8001E-3,
,,,714.999973E-6,-2.6002E-3,
,,,715.999980E-6,-2.80018E-3,
,,,716.999988E-6,-2.2001E-3,
,,,717.999996E-6,-2.4002E-3,
,,,719.000003E-6,-2.2001E-3,
,,,720.000011E-6,-2.2001E-3,
,,,721.000019E-6,-2.80018E-3,
,,,722.000026E-6,-2.6002E-3,
,,,722.999976E-6,-2.6002E-3,
,,,723.999983E-6,-2.2001E-3,
,,,724.999991E-6,-1.6001E-3,
,,,725.999998E-6,-1.6001E-3,
,,,727.000006E-6,-2.2001E-3,
,,,728.000014E-6,-1.8001E-3,
,,,729.000021E-6,-2.2001E-3,
,,,729.999971E-6,-1.8001E-3,
,,,730.999978E-6,-1.8001E-3,
,,,731.999986E-6,-2.0001E-3,
,,,732.999993E-6,-1.4001E-3,
,,,734.000001E-6,-2.4002E-3,
,,,735.000009E-6,-2.80018E-3,
,,,736.000016E-6,-1.6001E-3,
,,,737.000024E-6,-2.80018E-3,
,,,737.999973E-6,-2.6002E-3,
,,,738.999981E-6,-2.6002E-3,
,,,739.999989E-6,-3.00019E-3,
,,,740.999996E-6,-1.8001E-3,
,,,742.000004E-6,-2.2001E-3,
,,,743.000011E-6,-1.6001E-3,
,,,744.000019E-6,-1.6001E-3,
,,,745.000027E-6,-2.6002E-3,
,,,745.999976E-6,-1.6001E-3,
,,,746.999984E-6,-2.2001E-3,
,,,747.999991E-6,-3.20020E-3,
,,,748.999999E-6,-1.4001E-3,
,,,750.000007E-6,-1.6001E-3,
,,,751.000014E-6,-2.80018E-3,
,,,752.000022E-6,-2.0001E-3,
,,,752.999971E-6,-2.2001E-3,
,,,753.999979E-6,-2.4002E-3,
,,,754.999986E-6,-2.6002E-3,
,,,755.999994E-6,-2.6002E-3,
,,,757.000002E-6,-2.6002E-3,
,,,758.000009E-6,-1.8001E-3,
,,,759.000017E-6,-2.0001E-3,
,,,760.000024E-6,-1.8001E-3,
,,,760.999974E-6,-1.8001E-3,
,,,761.999981E-6,-2.2001E-3,
,,,762.999989E-6,-1.6001E-3,
,,,763.999997E-6,-2.6002E-3,
,,,765.000004E-6,-1.4001E-3,
,,,766.000012E-6,-1.8001E-3,
,,,767.000020E-6,-2.6002E-3,
,,,768.000027E-6,-2.2001E-3,
,,,768.999977E-6,-2.0001E-3,
,,,769.999984E-6,-2.6002E-3,
,,,770.999992E-6,-1.6001E-3,
,,,771.999999E-6,-2.0001E-3,
,,,773.000007E-6,-1.8001E-3,
,,,774.000015E-6,-1.8001E-3,
,,,775.000022E-6,-1.8001E-3,
,,,775.999972E-6,-1.0001E-3,
,,,776.999979E-6,-1.6001E-3,
,,,777.999987E-6,-1.6001E-3,
,,,778.999995E-6,-800.051203E-6,
,,,780.000002E-6,-1.8001E-3,
,,,781.000010E-6,-2.2001E-3,
,,,782.000017E-6,-1.6001E-3,
,,,783.000025E-6,-1.4001E-3,
,,,783.999974E-6,-2.0001E-3,
,,,784.999982E-6,-1.8001E-3,
,,,785.999990E-6,-2.4002E-3,
,,,786.999997E-6,-2.4002E-3,
,,,788.000005E-6,-2.4002E-3,
,,,789.000012E-6,-2.2001E-3,
,,,790.000020E-6,-1.4001E-3,
,,,791.000028E-6,-2.0001E-3,
,,,791.999977E-6,-2.4002E-3,
,,,792.999985E-6,-2.0001E-3,
,,,793.999992E-6,-2.2001E-3,
,,,795.000000E-6,-2.4002E-3,
,,,796.000008E-6,-1.6001E-3,
,,,797.000015E-6,-1.6001E-3,
,,,798.000023E-6,-2.2001E-3,
,,,798.999972E-6,-2.4002E-3,
,,,799.999980E-6,-2.6002E-3,
,,,800.999987E-6,-2.6002E-3,
,,,801.999995E-6,-2.4002E-3,
,,,803.000003E-6,-1.8001E-3,
,,,804.000010E-6,-1.6001E-3,
,,,805.000018E-6,-1.6001E-3,
,,,806.000025E-6,-2.4002E-3,
,,,806.999975E-6,-1.6001E-3,
,,,807.999982E-6,-2.6002E-3,
,,,808.999990E-6,-2.6002E-3,
,,,809.999998E-6,-1.8001E-3,
,,,811.000005E-6,-2.6002E-3,
,,,812.000013E-6,-2.4002E-3,
,,,813.000021E-6,-2.6002E-3,
,,,814.000028E-6,-3.00019E-3,
,,,814.999978E-6,-2.4002E-3,
,,,815.999985E-6,-1.8001E-3,
,,,816.999993E-6,-2.80018E-3,
,,,818.000000E-6,-2.80018E-3,
,,,819.000008E-6,-3.00019E-3,
,,,820.000016E-6,-2.6002E-3,
,,,821.000023E-6,-3.00019E-3,
,,,821.999973E-6,-2.80018E-3,
,,,822.999980E-6,-2.4002E-3,
,,,823.999988E-6,-2.2001E-3,
,,,824.999996E-6,-2.6002E-3,
,,,826.000003E-6,-2.2001E-3,
,,,827.000011E-6,-2.6002E-3,
,,,828.000018E-6,-3.20020E-3,
,,,829.000026E-6,-2.6002E-3,
,,,829.999975E-6,-2.80018E-3,
,,,830.999983E-6,-2.4002E-3,
,,,831.999991E-6,-2.6002E-3,
,,,832.999998E-6,-3.20020E-3,
,,,834.000006E-6,-3.20020E-3,
,,,835.000013E-6,-2.80018E-3,
,,,836.000021E-6,-3.00019E-3,
,,,836.999970E-6,-2.80018E-3,
,,,837.999978E-6,-3.20020E-3,
,,,838.999986E-6,-3.00019E-3,
,,,839.999993E-6,-2.80018E-3,
,,,841.000001E-6,-3.20020E-3,
,,,842.000009E-6,-3.20020E-3,
,,,843.000016E-6,-3.40022E-3,
,,,844.000024E-6,-3.60023E-3,
,,,844.999973E-6,-3.20020E-3,
,,,845.999981E-6,-3.40022E-3,
,,,846.999988E-6,-2.6002E-3,
,,,847.999996E-6,-3.80024E-3,
,,,849.000004E-6,-2.6002E-3,
,,,850.000011E-6,-2.6002E-3,
,,,851.000019E-6,-3.00019E-3,
,,,852.000026E-6,-3.20020E-3,
,,,852.999976E-6,-2.4002E-3,
,,,853.999984E-6,-3.20020E-3,
,,,854.999991E-6,-3.20020E-3,
,,,855.999999E-6,-3.40022E-3,
,,,857.000006E-6,-3.40022E-3,
,,,858.000014E-6,-3.00019E-3,
,,,859.000022E-6,-2.6002E-3,
,,,859.999971E-6,-4.00026E-3,
,,,860.999979E-6,-3.20020E-3,
,,,861.999986E-6,-3.20020E-3,
,,,862.999994E-6,-3.60023E-3,
,,,864.000001E-6,-2.80018E-3,
,,,865.000009E-6,-2.6002E-3,
,,,866.000017E-6,-2.80018E-3,
,,,867.000024E-6,-2.4002E-3,
,,,867.999974E-6,-3.00019E-3,
,,,868.999981E-6,-2.6002E-3,
,,,869.999989E-6,-2.6002E-3,
,,,870.999997E-6,-2.80018E-3,
,,,872.000004E-6,-2.80018E-3,
,,,873.000012E-6,-2.6002E-3,
,,,874.000019E-6,-2.6002E-3,
,,,875.000027E-6,-2.80018E-3,
,,,875.999976E-6,-3.00019E-3,
,,,876.999984E-6,-2.6002E-3,
,,,877.999992E-6,-2.4002E-3,
,,,878.999999E-6,-2.0001E-3,
,,,880.000007E-6,-2.4002E-3,
,,,881.000014E-6,-2.2001E-3,
,,,882.000022E-6,-2.6002E-3,
,,,882.999972E-6,-3.00019E-3,
,,,883.999979E-6,-2.0001E-3,
,,,884.999987E-6,-2.80018E-3,
,,,885.999994E-6,-2.6002E-3,
,,,887.000002E-6,-2.80018E-3,
,,,888.000010E-6,-2.4002E-3,
,,,889.000017E-6,-2.6002E-3,
,,,890.000025E-6,-2.4002E-3,
,,,890.999974E-6,-2.4002E-3,
,,,891.999982E-6,-3.20020E-3,
,,,892.999989E-6,-2.80018E-3,
,,,893.999997E-6,-2.0001E-3,
,,,895.000005E-6,-3.20020E-3,
,,,896.000012E-6,-3.20020E-3,
,,,897.000020E-6,-3.20020E-3,
,,,898.000028E-6,-3.00019E-3,
,,,898.999977E-6,-2.6002E-3,
,,,899.999985E-6,-3.00019E-3,
,,,900.999992E-6,-2.6002E-3,
,,,902.000000E-6,-2.6002E-3,
,,,903.000007E-6,-2.80018E-3,
,,,904.000015E-6,-3.00019E-3,
,,,905.000023E-6,-1.8001E-3,
,,,905.999972E-6,-3.60023E-3,
,,,906.999980E-6,-3.00019E-3,
,,,907.999987E-6,-1.4001E-3,
,,,908.999995E-6,-3.20020E-3,
,,,910.000002E-6,-3.40022E-3,
,,,911.000010E-6,-1.6001E-3,
,,,912.000018E-6,-3.60023E-3,
,,,913.000025E-6,-3.40022E-3,
,,,913.999975E-6,-1.8001E-3,
,,,914.999982E-6,-3.00019E-3,
,,,915.999990E-6,-2.6002E-3,
,,,916.999998E-6,-3.00019E-3,
,,,918.000005E-6,-3.00019E-3,
,,,919.000013E-6,-2.4002E-3,
,,,920.000020E-6,-2.80018E-3,
,,,921.000028E-6,-2.6002E-3,
,,,921.999977E-6,-2.4002E-3,
,,,922.999985E-6,-2.6002E-3,
,,,923.999993E-6,-2.0001E-3,
,,,925.000000E-6,-3.20020E-3,
,,,926.000008E-6,-3.00019E-3,
,,,927.000016E-6,-2.6002E-3,
,,,928.000023E-6,-3.00019E-3,
,,,928.999973E-6,-2.4002E-3,
,,,929.999980E-6,-2.2001E-3,
,,,930.999988E-6,-2.80018E-3,
,,,931.999995E-6,-2.6002E-3,
,,,933.000003E-6,-2.4002E-3,
,,,934.000011E-6,-3.20020E-3,
,,,935.000018E-6,-2.80018E-3,
,,,936.000026E-6,-2.2001E-3,
,,,936.999975E-6,-2.6002E-3,
,,,937.999983E-6,-2.4002E-3,
,,,938.999990E-6,-2.2001E-3,
,,,939.999998E-6,-2.2001E-3,
,,,941.000006E-6,-2.6002E-3,
,,,942.000013E-6,-2.80018E-3,
,,,943.000021E-6,-3.20020E-3,
,,,943.999970E-6,-2.6002E-3,
,,,944.999978E-6,-2.80018E-3,
,,,945.999986E-6,-3.00019E-3,
,,,946.999993E-6,-2.80018E-3,
,,,948.000001E-6,-3.60023E-3,
,,,949.000008E-6,-2.80018E-3,
,,,950.000016E-6,-2.80018E-3,
,,,951.000024E-6,-2.6002E-3,
,,,951.999973E-6,-3.00019E-3,
,,,952.999981E-6,-3.20020E-3,
,,,953.999988E-6,-2.80018E-3,
,,,954.999996E-6,-3.00019E-3,
,,,956.000003E-6,-3.20020E-3,
,,,957.000011E-6,-2.4002E-3,
,,,958.000019E-6,-3.40022E-3,
,,,959.000026E-6,-4.20027E-3,
,,,959.999976E-6,-2.4002E-3,
,,,960.999983E-6,-3.80024E-3,
,,,961.999991E-6,-3.40022E-3,
,,,962.999999E-6,-2.6002E-3,
,,,964.000006E-6,-3.80024E-3,
,,,965.000014E-6,-3.20020E-3,
,,,966.000021E-6,-2.6002E-3,
,,,966.999971E-6,-3.80024E-3,
,,,967.999978E-6,-2.80018E-3,
,,,968.999986E-6,-3.00019E-3,
,,,969.999994E-6,-4.00026E-3,
,,,971.000001E-6,-2.80018E-3,
,,,972.000009E-6,-3.00019E-3,
,,,973.000017E-6,-3.40022E-3,
,,,974.000024E-6,-3.20020E-3,
,,,974.999974E-6,-4.00026E-3,
,,,975.999981E-6,-4.00026E-3,
,,,976.999989E-6,-3.80024E-3,
,,,977.999996E-6,-3.40022E-3,
,,,979.000004E-6,-3.40022E-3,
,,,980.000012E-6,-3.60023E-3,
,,,981.000019E-6,-3.20020E-3,
,,,982.000027E-6,-3.00019E-3,
,,,983.000034E-6,-3.40022E-3,
,,,984.000042E-6,-3.80024E-3,
,,,985.000050E-6,-3.40022E-3,
,,,985.999941E-6,-4.00026E-3,
,,,986.999949E-6,-3.60023E-3,
,,,987.999956E-6,-3.80024E-3,
,,,988.999964E-6,-4.40028E-3,
,,,989.999971E-6,-3.80024E-3,
,,,990.999979E-6,-3.80024E-3,
,,,991.999987E-6,-3.80024E-3,
,,,992.999994E-6,-3.80024E-3,
,,,994.000002E-6,-3.60023E-3,
,,,995.000009E-6,-4.40028E-3,
,,,996.000017E-6,-4.00026E-3,
,,,997.000025E-6,-3.80024E-3,
,,,998.000032E-6,-3.80024E-3,
,,,999.000040E-6,-3.40022E-3,
,,,1.0000E-3,-4.60029E-3,
,,,1.0010E-3,-4.20027E-3,
,,,1.0020E-3,-4.40028E-3,
,,,1.0030E-3,-4.00026E-3,
,,,1.0040E-3,-4.20027E-3,
,,,1.0050E-3,-3.80024E-3,
,,,1.0060E-3,-4.20027E-3,
,,,1.0070E-3,-4.40028E-3,
,,,1.0080E-3,-3.80024E-3,
,,,1.0090E-3,-4.20027E-3,
,,,1.0100E-3,-4.40028E-3,
,,,1.0110E-3,-4.20027E-3,
,,,1.0120E-3,-3.40022E-3,
,,,1.0130E-3,-4.60029E-3,
,,,1.0140E-3,-5.00032E-3,
,,,1.0150E-3,-3.80024E-3,
,,,1.0160E-3,-4.20027E-3,
,,,1.0170E-3,-3.60023E-3,
,,,1.0180E-3,-3.20020E-3,
,,,1.0190E-3,-3.60023E-3,
,,,1.0200E-3,-4.20027E-3,
,,,1.0210E-3,-4.00026E-3,
,,,1.0220E-3,-3.80024E-3,
,,,1.0230E-3,-3.20020E-3,
,,,1.0240E-3,-4.00026E-3,
,,,1.0250E-3,-3.60023E-3,
,,,1.0260E-3,-3.80024E-3,
,,,1.0270E-3,-3.40022E-3,
,,,1.0280E-3,-4.00026E-3,
,,,1.0290E-3,-3.40022E-3,
,,,1.0300E-3,-3.60023E-3,
,,,1.0310E-3,-3.40022E-3,
,,,1.0320E-3,-3.00019E-3,
,,,1.0330E-3,-2.80018E-3,
,,,1.0340E-3,-3.40022E-3,
,,,1.0350E-3,-2.80018E-3,
,,,1.0360E-3,-2.80018E-3,
,,,1.0370E-3,-2.6002E-3,
,,,1.0380E-3,-2.6002E-3,
,,,1.0390E-3,-2.6002E-3,
,,,1.0400E-3,-2.80018E-3,
,,,1.0410E-3,-3.00019E-3,
,,,1.0420E-3,-3.20020E-3,
,,,1.0430E-3,-3.00019E-3,
,,,1.0440E-3,-2.4002E-3,
,,,1.0450E-3,-2.2001E-3,
,,,1.0460E-3,-2.6002E-3,
,,,1.0470E-3,-2.6002E-3,
,,,1.0480E-3,-2.6002E-3,
,,,1.0490E-3,-2.4002E-3,
,,,1.0500E-3,-2.4002E-3,
,,,1.0510E-3,-2.6002E-3,
,,,1.0520E-3,-2.0001E-3,
,,,1.0530E-3,-3.00019E-3,
,,,1.0540E-3,-3.00019E-3,
,,,1.0550E-3,-3.00019E-3,
,,,1.0560E-3,-3.00019E-3,
,,,1.0570E-3,-2.80018E-3,
,,,1.0580E-3,-2.6002E-3,
,,,1.0590E-3,-2.80018E-3,
,,,1.0600E-3,-2.6002E-3,
,,,1.0610E-3,-2.4002E-3,
,,,1.0620E-3,-3.00019E-3,
,,,1.0630E-3,-2.2001E-3,
,,,1.0640E-3,-2.6002E-3,
,,,1.0650E-3,-2.6002E-3,
,,,1.0660E-3,-2.0001E-3,
,,,1.0670E-3,-2.6002E-3,
,,,1.0680E-3,-2.4002E-3,
,,,1.0690E-3,-3.00019E-3,
,,,1.0700E-3,-2.2001E-3,
,,,1.0710E-3,-2.6002E-3,
,,,1.0720E-3,-2.4002E-3,
,,,1.0730E-3,-2.4002E-3,
,,,1.0740E-3,-3.40022E-3,
,,,1.0750E-3,-2.4002E-3,
,,,1.0760E-3,-2.4002E-3,
,,,1.0770E-3,-3.20020E-3,
,,,1.0780E-3,-3.00019E-3,
,,,1.0790E-3,-3.20020E-3,
,,,1.0800E-3,-2.6002E-3,
,,,1.0810E-3,-2.4002E-3,
,,,1.0820E-3,-2.6002E-3,
,,,1.0830E-3,-2.6002E-3,
,,,1.0840E-3,-3.00019E-3,
,,,1.0850E-3,-2.6002E-3,
,,,1.0860E-3,-2.80018E-3,
,,,1.0870E-3,-3.20020E-3,
,,,1.0880E-3,-3.60023E-3,
,,,1.0890E-3,-3.60023E-3,
,,,1.0900E-3,-3.60023E-3,
,,,1.0910E-3,-3.20020E-3,
,,,1.0920E-3,-4.00026E-3,
,,,1.0930E-3,-3.40022E-3,
,,,1.0940E-3,-3.80024E-3,
,,,1.0950E-3,-3.40022E-3,
,,,1.0960E-3,-3.00019E-3,
,,,1.0970E-3,-3.40022E-3,
,,,1.0980E-3,-4.40028E-3,
,,,1.0990E-3,-3.20020E-3,
,,,1.1000E-3,-4.00026E-3,
,,,1.1010E-3,-4.20027E-3,
,,,1.1020E-3,-3.60023E-3,
,,,1.1030E-3,-4.80031E-3,
,,,1.1040E-3,-4.00026E-3,
,,,1.1050E-3,-3.80024E-3,
,,,1.1060E-3,-4.00026E-3,
,,,1.1070E-3,-4.00026E-3,
,,,1.1080E-3,-3.80024E-3,
,,,1.1090E-3,-3.80024E-3,
,,,1.1100E-3,-4.00026E-3,
,,,1.1110E-3,-4.00026E-3,
,,,1.1120E-3,-4.80031E-3,
,,,1.1130E-3,-4.00026E-3,
,,,1.1140E-3,-4.00026E-3,
,,,1.1150E-3,-4.00026E-3,
,,,1.1160E-3,-3.80024E-3,
,,,1.1170E-3,-3.80024E-3,
,,,1.1180E-3,-3.40022E-3,
,,,1.1190E-3,-4.00026E-3,
,,,1.1200E-3,-4.40028E-3,
,,,1.1210E-3,-3.40022E-3,
,,,1.1220E-3,-4.60029E-3,
,,,1.1230E-3,-4.00026E-3,
,,,1.1240E-3,-4.40028E-3,
,,,1.1250E-3,-4.00026E-3,
,,,1.1260E-3,-4.00026E-3,
,,,1.1270E-3,-4.40028E-3,
,,,1.1280E-3,-3.80024E-3,
,,,1.1290E-3,-5.00032E-3,
,,,1.1300E-3,-3.80024E-3,
,,,1.1310E-3,-4.20027E-3,
,,,1.1320E-3,-4.00026E-3,
,,,1.1330E-3,-3.80024E-3,
,,,1.1340E-3,-5.00032E-3,
,,,1.1350E-3,-4.20027E-3,
,,,1.1360E-3,-4.00026E-3,
,,,1.1370E-3,-4.20027E-3,
,,,1.1380E-3,-4.20027E-3,
,,,1.1390E-3,-4.60029E-3,
,,,1.1400E-3,-4.60029E-3,
,,,1.1410E-3,-3.40022E-3,
,,,1.1420E-3,-3.80024E-3,
,,,1.1430E-3,-4.20027E-3,
,,,1.1440E-3,-3.80024E-3,
,,,1.1450E-3,-4.80031E-3,
,,,1.1460E-3,-4.60029E-3,
,,,1.1470E-3,-4.00026E-3,
,,,1.1480E-3,-4.60029E-3,
,,,1.1490E-3,-4.80031E-3,
,,,1.1500E-3,-4.80031E-3,
,,,1.1510E-3,-4.00026E-3,
,,,1.1520E-3,-5.00032E-3,
,,,1.1530E-3,-5.40035E-3,
,,,1.1540E-3,-5.20033E-3,
,,,1.1550E-3,-4.60029E-3,
,,,1.1560E-3,-4.80031E-3,
,,,1.1570E-3,-4.80031E-3,
,,,1.1580E-3,-4.60029E-3,
,,,1.1590E-3,-5.00032E-3,
,,,1.1600E-3,-5.00032E-3,
,,,1.1610E-3,-4.60029E-3,
,,,1.1620E-3,-4.60029E-3,
,,,1.1630E-3,-4.60029E-3,
,,,1.1640E-3,-4.20027E-3,
,,,1.1650E-3,-4.60029E-3,
,,,1.1660E-3,-4.80031E-3,
,,,1.1670E-3,-5.00032E-3,
,,,1.1680E-3,-4.60029E-3,
,,,1.1690E-3,-4.60029E-3,
,,,1.1700E-3,-4.60029E-3,
,,,1.1710E-3,-4.60029E-3,
,,,1.1720E-3,-4.40028E-3,
,,,1.1730E-3,-4.00026E-3,
,,,1.1740E-3,-4.20027E-3,
,,,1.1750E-3,-3.60023E-3,
,,,1.1760E-3,-3.80024E-3,
,,,1.1770E-3,-4.00026E-3,
,,,1.1780E-3,-4.00026E-3,
,,,1.1790E-3,-3.00019E-3,
,,,1.1800E-3,-4.60029E-3,
,,,1.1810E-3,-3.20020E-3,
,,,1.1820E-3,-4.20027E-3,
,,,1.1830E-3,-4.60029E-3,
,,,1.1840E-3,-3.40022E-3,
,,,1.1850E-3,-3.40022E-3,
,,,1.1860E-3,-3.60023E-3,
,,,1.1870E-3,-2.80018E-3,
,,,1.1880E-3,-3.20020E-3,
,,,1.1890E-3,-3.20020E-3,
,,,1.1900E-3,-2.4002E-3,
,,,1.1910E-3,-3.00019E-3,
,,,1.1920E-3,-3.60023E-3,
,,,1.1930E-3,-2.2001E-3,
,,,1.1940E-3,-2.6002E-3,
,,,1.1950E-3,-3.20020E-3,
,,,1.1960E-3,-2.4002E-3,
,,,1.1970E-3,-3.00019E-3,
,,,1.1980E-3,-3.20020E-3,
,,,1.1990E-3,-3.20020E-3,
,,,1.2000E-3,-2.80018E-3,
,,,1.2010E-3,-3.40022E-3,
,,,1.2020E-3,-3.20020E-3,
,,,1.2030E-3,-3.60023E-3,
,,,1.2040E-3,-3.40022E-3,
,,,1.2050E-3,-2.80018E-3,
,,,1.2060E-3,-3.00019E-3,
,,,1.2070E-3,-3.00019E-3,
,,,1.2080E-3,-2.80018E-3,
,,,1.2090E-3,-2.80018E-3,
,,,1.2100E-3,-3.00019E-3,
,,,1.2110E-3,-3.40022E-3,
,,,1.2120E-3,-3.20020E-3,
,,,1.2130E-3,-3.20020E-3,
,,,1.2140E-3,-2.80018E-3,
,,,1.2150E-3,-3.20020E-3,
,,,1.2160E-3,-3.20020E-3,
,,,1.2170E-3,-3.20020E-3,
,,,1.2180E-3,-3.40022E-3,
,,,1.2190E-3,-3.20020E-3,
,,,1.2200E-3,-3.40022E-3,
,,,1.2210E-3,-4.00026E-3,
,,,1.2220E-3,-3.20020E-3,
,,,1.2230E-3,-3.60023E-3,
,,,1.2240E-3,-3.40022E-3,
,,,1.2250E-3,-3.80024E-3,
,,,1.2260E-3,-3.60023E-3,
,,,1.2270E-3,-3.40022E-3,
,,,1.2280E-3,-3.00019E-3,
,,,1.2290E-3,-4.40028E-3,
,,,1.2300E-3,-4.00026E-3,
,,,1.2310E-3,-4.00026E-3,
,,,1.2320E-3,-4.00026E-3,
,,,1.2330E-3,-4.00026E-3,
,,,1.2340E-3,-3.80024E-3,
,,,1.2350E-3,-5.00032E-3,
,,,1.2360E-3,-3.60023E-3,
,,,1.2370E-3,-4.80031E-3,
,,,1.2380E-3,-4.80031E-3,
,,,1.2390E-3,-2.80018E-3,
,,,1.2400E-3,-4.00026E-3,
,,,1.2410E-3,-3.80024E-3,
,,,1.2420E-3,-3.60023E-3,
,,,1.2430E-3,-4.60029E-3,
,,,1.2440E-3,-4.20027E-3,
,,,1.2450E-3,-4.00026E-3,
,,,1.2460E-3,-4.40028E-3,
,,,1.2470E-3,-4.60029E-3,
,,,1.2480E-3,-3.80024E-3,
,,,1.2490E-3,-4.00026E-3,
,,,1.2500E-3,-4.60029E-3,
,,,1.2510E-3,-4.00026E-3,
,,,1.2520E-3,-4.40028E-3,
,,,1.2530E-3,-4.40028E-3,
,,,1.2540E-3,-4.20027E-3,
,,,1.2550E-3,-4.00026E-3,
,,,1.2560E-3,-4.60029E-3,
,,,1.2570E-3,-4.80031E-3,
,,,1.2580E-3,-4.60029E-3,
,,,1.2590E-3,-4.60029E-3,
,,,1.2600E-3,-4.00026E-3,
,,,1.2610E-3,-4.80031E-3,
,,,1.2620E-3,-5.00032E-3,
,,,1.2630E-3,-4.40028E-3,
,,,1.2640E-3,-4.40028E-3,
,,,1.2650E-3,-4.60029E-3,
,,,1.2660E-3,-4.80031E-3,
,,,1.2670E-3,-4.80031E-3,
,,,1.2680E-3,-4.20027E-3,
,,,1.2690E-3,-4.00026E-3,
,,,1.2700E-3,-4.60029E-3,
,,,1.2710E-3,-4.60029E-3,
,,,1.2720E-3,-4.20027E-3,
,,,1.2730E-3,-5.20033E-3,
,,,1.2740E-3,-4.40028E-3,
,,,1.2750E-3,-5.20033E-3,
,,,1.2760E-3,-5.00032E-3,
,,,1.2770E-3,-4.40028E-3,
,,,1.2780E-3,-5.00032E-3,
,,,1.2790E-3,-4.80031E-3,
,,,1.2800E-3,-4.60029E-3,
,,,1.2810E-3,-5.00032E-3,
,,,1.2820E-3,-4.80031E-3,
,,,1.2830E-3,-4.40028E-3,
,,,1.2840E-3,-4.60029E-3,
,,,1.2850E-3,-3.80024E-3,
,,,1.2860E-3,-4.20027E-3,
,,,1.2870E-3,-4.40028E-3,
,,,1.2880E-3,-4.60029E-3,
,,,1.2890E-3,-3.80024E-3,
,,,1.2900E-3,-4.20027E-3,
,,,1.2910E-3,-4.20027E-3,
,,,1.2920E-3,-4.00026E-3,
,,,1.2930E-3,-4.20027E-3,
,,,1.2940E-3,-3.00019E-3,
,,,1.2950E-3,-4.40028E-3,
,,,1.2960E-3,-4.40028E-3,
,,,1.2970E-3,-3.80024E-3,
,,,1.2980E-3,-4.00026E-3,
,,,1.2990E-3,-4.00026E-3,
,,,1.3000E-3,-4.00026E-3,
,,,1.3010E-3,-4.40028E-3,
,,,1.3020E-3,-4.20027E-3,
,,,1.3030E-3,-4.00026E-3,
,,,1.3040E-3,-4.20027E-3,
,,,1.3050E-3,-4.40028E-3,
,,,1.3060E-3,-4.80031E-3,
,,,1.3070E-3,-4.40028E-3,
,,,1.3080E-3,-4.60029E-3,
,,,1.3090E-3,-4.60029E-3,
,,,1.3100E-3,-4.20027E-3,
,,,1.3110E-3,-4.80031E-3,
,,,1.3120E-3,-4.60029E-3,
,,,1.3130E-3,-4.60029E-3,
,,,1.3140E-3,-4.60029E-3,
,,,1.3150E-3,-4.20027E-3,
,,,1.3160E-3,-5.00032E-3,
,,,1.3170E-3,-4.60029E-3,
,,,1.3180E-3,-4.60029E-3,
,,,1.3190E-3,-4.60029E-3,
,,,1.3200E-3,-4.00026E-3,
,,,1.3210E-3,-4.00026E-3,
,,,1.3220E-3,-4.00026E-3,
,,,1.3230E-3,-4.00026E-3,
,,,1.3240E-3,-4.00026E-3,
,,,1.3250E-3,-4.80031E-3,
,,,1.3260E-3,-3.60023E-3,
,,,1.3270E-3,-5.00032E-3,
,,,1.3280E-3,-4.80031E-3,
,,,1.3290E-3,-4.00026E-3,
,,,1.3300E-3,-4.60029E-3,
,,,1.3310E-3,-4.40028E-3,
,,,1.3320E-3,-4.40028E-3,
,,,1.3330E-3,-4.40028E-3,
,,,1.3340E-3,-5.00032E-3,
,,,1.3350E-3,-4.20027E-3,
,,,1.3360E-3,-5.00032E-3,
,,,1.3370E-3,-4.00026E-3,
,,,1.3380E-3,-4.00026E-3,
,,,1.3390E-3,-4.40028E-3,
,,,1.3400E-3,-4.60029E-3,
,,,1.3410E-3,-4.60029E-3,
,,,1.3420E-3,-4.60029E-3,
,,,1.3430E-3,-4.00026E-3,
,,,1.3440E-3,-4.40028E-3,
,,,1.3450E-3,-4.00026E-3,
,,,1.3460E-3,-4.20027E-3,
,,,1.3470E-3,-3.80024E-3,
,,,1.3480E-3,-4.80031E-3,
,,,1.3490E-3,-3.80024E-3,
,,,1.3500E-3,-4.40028E-3,
,,,1.3510E-3,-4.40028E-3,
,,,1.3520E-3,-4.20027E-3,
,,,1.3530E-3,-4.40028E-3,
,,,1.3540E-3,-4.60029E-3,
,,,1.3550E-3,-5.00032E-3,
,,,1.3560E-3,-4.00026E-3,
,,,1.3570E-3,-5.00032E-3,
,,,1.3580E-3,-5.20033E-3,
,,,1.3590E-3,-4.80031E-3,
,,,1.3600E-3,-5.00032E-3,
,,,1.3610E-3,-4.60029E-3,
,,,1.3620E-3,-5.40035E-3,
,,,1.3630E-3,-5.40035E-3,
,,,1.3640E-3,-4.60029E-3,
,,,1.3650E-3,-5.00032E-3,
,,,1.3660E-3,-5.40035E-3,
,,,1.3670E-3,-4.80031E-3,
,,,1.3680E-3,-5.80037E-3,
,,,1.3690E-3,-5.20033E-3,
,,,1.3700E-3,-4.80031E-3,
,,,1.3710E-3,-5.20033E-3,
,,,1.3720E-3,-5.20033E-3,
,,,1.3730E-3,-5.20033E-3,
,,,1.3740E-3,-5.60036E-3,
,,,1.3750E-3,-5.20033E-3,
,,,1.3760E-3,-5.20033E-3,
,,,1.3770E-3,-5.60036E-3,
,,,1.3780E-3,-5.20033E-3,
,,,1.3790E-3,-5.80037E-3,
,,,1.3800E-3,-5.60036E-3,
,,,1.3810E-3,-6.00038E-3,
,,,1.3820E-3,-5.60036E-3,
,,,1.3830E-3,-5.60036E-3,
,,,1.3840E-3,-5.20033E-3,
,,,1.3850E-3,-5.20033E-3,
,,,1.3860E-3,-5.40035E-3,
,,,1.3870E-3,-6.00038E-3,
,,,1.3880E-3,-5.40035E-3,
,,,1.3890E-3,-5.60036E-3,
,,,1.3900E-3,-6.40041E-3,
,,,1.3910E-3,-5.00032E-3,
,,,1.3920E-3,-5.80037E-3,
,,,1.3930E-3,-5.60036E-3,
,,,1.3940E-3,-5.20033E-3,
,,,1.3950E-3,-5.40035E-3,
,,,1.3960E-3,-6.00038E-3,
,,,1.3970E-3,-5.40035E-3,
,,,1.3980E-3,-5.40035E-3,
,,,1.3990E-3,-5.80037E-3,
,,,1.4000E-3,-5.20033E-3,
,,,1.4010E-3,-5.80037E-3,
,,,1.4020E-3,-4.40028E-3,
,,,1.4030E-3,-5.60036E-3,
,,,1.4040E-3,-5.60036E-3,
,,,1.4050E-3,-5.20033E-3,
,,,1.4060E-3,-6.00038E-3,
,,,1.4070E-3,-4.80031E-3,
,,,1.4080E-3,-4.80031E-3,
,,,1.4090E-3,-6.00038E-3,
,,,1.4100E-3,-5.60036E-3,
,,,1.4110E-3,-5.40035E-3,
,,,1.4120E-3,-5.60036E-3,
,,,1.4130E-3,-5.20033E-3,
,,,1.4140E-3,-5.40035E-3,
,,,1.4150E-3,-5.40035E-3,
,,,1.4160E-3,-5.00032E-3,
,,,1.4170E-3,-5.60036E-3,
,,,1.4180E-3,-6.20040E-3,
,,,1.4190E-3,-6.00038E-3,
,,,1.4200E-3,-6.40041E-3,
,,,1.4210E-3,-5.80037E-3,
,,,1.4220E-3,-5.40035E-3,
,,,1.4230E-3,-6.40041E-3,
,,,1.4240E-3,-5.40035E-3,
,,,1.4250E-3,-5.60036E-3,
,,,1.4260E-3,-6.20040E-3,
,,,1.4270E-3,-5.00032E-3,
,,,1.4280E-3,-6.20040E-3,
,,,1.4290E-3,-5.80037E-3,
,,,1.4300E-3,-5.40035E-3,
,,,1.4310E-3,-6.40041E-3,
,,,1.4320E-3,-5.40035E-3,
,,,1.4330E-3,-6.00038E-3,
,,,1.4340E-3,-6.40041E-3,
,,,1.4350E-3,-5.60036E-3,
,,,1.4360E-3,-6.20040E-3,
,,,1.4370E-3,-6.60042E-3,
,,,1.4380E-3,-5.60036E-3,
,,,1.4390E-3,-6.20040E-3,
,,,1.4400E-3,-5.80037E-3,
,,,1.4410E-3,-5.60036E-3,
,,,1.4420E-3,-6.60042E-3,
,,,1.4430E-3,-5.60036E-3,
,,,1.4440E-3,-6.20040E-3,
,,,1.4450E-3,-6.20040E-3,
,,,1.4460E-3,-4.80031E-3,
,,,1.4470E-3,-5.40035E-3,
,,,1.4480E-3,-5.60036E-3,
,,,1.4490E-3,-5.20033E-3,
,,,1.4500E-3,-6.00038E-3,
,,,1.4510E-3,-6.40041E-3,
,,,1.4520E-3,-5.60036E-3,
,,,1.4530E-3,-6.20040E-3,
,,,1.4540E-3,-5.60036E-3,
,,,1.4550E-3,-5.40035E-3,
,,,1.4560E-3,-5.80037E-3,
,,,1.4570E-3,-5.00032E-3,
,,,1.4580E-3,-5.40035E-3,
,,,1.4590E-3,-5.60036E-3,
,,,1.4600E-3,-4.40028E-3,
,,,1.4610E-3,-6.20040E-3,
,,,1.4620E-3,-4.40028E-3,
,,,1.4630E-3,-4.60029E-3,
,,,1.4640E-3,-5.00032E-3,
,,,1.4650E-3,-4.40028E-3,
,,,1.4660E-3,-5.20033E-3,
,,,1.4670E-3,-5.00032E-3,
,,,1.4680E-3,-5.00032E-3,
,,,1.4690E-3,-4.80031E-3,
,,,1.4700E-3,-4.80031E-3,
,,,1.4710E-3,-4.40028E-3,
,,,1.4720E-3,-5.00032E-3,
,,,1.4730E-3,-4.00026E-3,
,,,1.4740E-3,-4.60029E-3,
,,,1.4750E-3,-4.60029E-3,
,,,1.4760E-3,-3.60023E-3,
,,,1.4770E-3,-4.00026E-3,
,,,1.4780E-3,-4.00026E-3,
,,,1.4790E-3,-3.80024E-3,
,,,1.4800E-3,-4.80031E-3,
,,,1.4810E-3,-4.20027E-3,
,,,1.4820E-3,-4.00026E-3,
,,,1.4830E-3,-4.60029E-3,
,,,1.4840E-3,-3.80024E-3,
,,,1.4850E-3,-4.00026E-3,
,,,1.4860E-3,-3.80024E-3,
,,,1.4870E-3,-4.00026E-3,
,,,1.4880E-3,-4.40028E-3,
,,,1.4890E-3,-3.80024E-3,
,,,1.4900E-3,-3.60023E-3,
,,,1.4910E-3,-3.60023E-3,
,,,1.4920E-3,-4.20027E-3,
,,,1.4930E-3,-3.80024E-3,
,,,1.4940E-3,-4.40028E-3,
,,,1.4950E-3,-3.40022E-3,
,,,1.4960E-3,-3.80024E-3,
,,,1.4970E-3,-4.40028E-3,
,,,1.4980E-3,-3.20020E-3,
,,,1.4990E-3,-4.40028E-3,
,,,1.5000E-3,-4.00026E-3,
,,,1.5010E-3,-3.80024E-3,
,,,1.5020E-3,-4.00026E-3,
,,,1.5030E-3,-3.60023E-3,
,,,1.5040E-3,-4.00026E-3,
,,,1.5050E-3,-3.80024E-3,
,,,1.5060E-3,-4.00026E-3,
,,,1.5070E-3,-3.20020E-3,
,,,1.5080E-3,-3.60023E-3,
,,,1.5090E-3,-3.80024E-3,
,,,1.5100E-3,-3.40022E-3,
,,,1.5110E-3,-3.80024E-3,
,,,1.5120E-3,-4.20027E-3,
,,,1.5130E-3,-3.20020E-3,
,,,1.5140E-3,-4.20027E-3,
,,,1.5150E-3,-3.80024E-3,
,,,1.5160E-3,-5.20033E-3,
,,,1.5170E-3,-5.20033E-3,
,,,1.5180E-3,-4.20027E-3,
,,,1.5190E-3,-4.80031E-3,
,,,1.5200E-3,-4.80031E-3,
,,,1.5210E-3,-4.40028E-3,
,,,1.5220E-3,-4.20027E-3,
,,,1.5230E-3,-5.20033E-3,
,,,1.5240E-3,-4.80031E-3,
,,,1.5250E-3,-4.40028E-3,
,,,1.5260E-3,-4.80031E-3,
,,,1.5270E-3,-4.60029E-3,
,,,1.5280E-3,-4.20027E-3,
,,,1.5290E-3,-5.80037E-3,
,,,1.5300E-3,-5.20033E-3,
,,,1.5310E-3,-4.20027E-3,
,,,1.5320E-3,-5.60036E-3,
,,,1.5330E-3,-4.40028E-3,
,,,1.5340E-3,-5.00032E-3,
,,,1.5350E-3,-5.00032E-3,
,,,1.5360E-3,-5.00032E-3,
,,,1.5370E-3,-5.00032E-3,
,,,1.5380E-3,-5.40035E-3,
,,,1.5390E-3,-5.00032E-3,
,,,1.5400E-3,-5.00032E-3,
,,,1.5410E-3,-4.60029E-3,
,,,1.5420E-3,-5.00032E-3,
,,,1.5430E-3,-6.00038E-3,
,,,1.5440E-3,-5.20033E-3,
,,,1.5450E-3,-5.80037E-3,
,,,1.5460E-3,-5.40035E-3,
,,,1.5470E-3,-5.40035E-3,
,,,1.5480E-3,-5.60036E-3,
,,,1.5490E-3,-5.40035E-3,
,,,1.5500E-3,-5.20033E-3,
,,,1.5510E-3,-5.20033E-3,
,,,1.5520E-3,-5.00032E-3,
,,,1.5530E-3,-4.60029E-3,
,,,1.5540E-3,-5.20033E-3,
,,,1.5550E-3,-5.20033E-3,
,,,1.5560E-3,-5.80037E-3,
,,,1.5570E-3,-5.40035E-3,
,,,1.5580E-3,-5.40035E-3,
,,,1.5590E-3,-5.20033E-3,
,,,1.5600E-3,-6.00038E-3,
,,,1.5610E-3,-5.40035E-3,
,,,1.5620E-3,-6.20040E-3,
,,,1.5630E-3,-6.00038E-3,
,,,1.5640E-3,-5.00032E-3,
,,,1.5650E-3,-5.40035E-3,
,,,1.5660E-3,-5.40035E-3,
,,,1.5670E-3,-6.00038E-3,
,,,1.5680E-3,-4.80031E-3,
,,,1.5690E-3,-5.40035E-3,
,,,1.5700E-3,-6.00038E-3,
,,,1.5710E-3,-6.20040E-3,
,,,1.5720E-3,-6.20040E-3,
,,,1.5730E-3,-5.60036E-3,
,,,1.5740E-3,-4.80031E-3,
,,,1.5750E-3,-6.00038E-3,
,,,1.5760E-3,-6.00038E-3,
,,,1.5770E-3,-5.60036E-3,
,,,1.5780E-3,-6.20040E-3,
,,,1.5790E-3,-5.20033E-3,
,,,1.5800E-3,-5.20033E-3,
,,,1.5810E-3,-6.80044E-3,
,,,1.5820E-3,-4.40028E-3,
,,,1.5830E-3,-4.80031E-3,
,,,1.5840E-3,-6.20040E-3,
,,,1.5850E-3,-5.00032E-3,
,,,1.5860E-3,-6.20040E-3,
,,,1.5870E-3,-5.80037E-3,
,,,1.5880E-3,-5.60036E-3,
,,,1.5890E-3,-5.80037E-3,
,,,1.5900E-3,-5.40035E-3,
,,,1.5910E-3,-6.40041E-3,
,,,1.5920E-3,-6.40041E-3,
,,,1.5930E-3,-6.00038E-3,
,,,1.5940E-3,-6.00038E-3,
,,,1.5950E-3,-5.40035E-3,
,,,1.5960E-3,-6.00038E-3,
,,,1.5970E-3,-6.80044E-3,
,,,1.5980E-3,-6.60042E-3,
,,,1.5990E-3,-5.80037E-3,
,,,1.6000E-3,-6.00038E-3,
,,,1.6010E-3,-5.60036E-3,
,,,1.6020E-3,-6.00038E-3,
,,,1.6030E-3,-6.40041E-3,
,,,1.6040E-3,-5.80037E-3,
,,,1.6050E-3,-5.60036E-3,
,,,1.6060E-3,-6.60042E-3,
,,,1.6070E-3,-5.40035E-3,
,,,1.6080E-3,-6.40041E-3,
,,,1.6090E-3,-6.00038E-3,
,,,1.6100E-3,-6.40041E-3,
,,,1.6110E-3,-6.00038E-3,
,,,1.6120E-3,-6.40041E-3,
,,,1.6130E-3,-6.40041E-3,
,,,1.6140E-3,-5.80037E-3,
,,,1.6150E-3,-6.00038E-3,
,,,1.6160E-3,-5.60036E-3,
,,,1.6170E-3,-5.40035E-3,
,,,1.6180E-3,-4.80031E-3,
,,,1.6190E-3,-5.40035E-3,
,,,1.6200E-3,-5.20033E-3,
,,,1.6210E-3,-5.60036E-3,
,,,1.6220E-3,-5.60036E-3,
,,,1.6230E-3,-4.60029E-3,
,,,1.6240E-3,-6.60042E-3,
,,,1.6250E-3,-6.20040E-3,
,,,1.6260E-3,-5.00032E-3,
,,,1.6270E-3,-6.00038E-3,
,,,1.6280E-3,-4.60029E-3,
,,,1.6290E-3,-4.80031E-3,
,,,1.6300E-3,-5.60036E-3,
,,,1.6310E-3,-5.20033E-3,
,,,1.6320E-3,-4.40028E-3,
,,,1.6330E-3,-5.20033E-3,
,,,1.6340E-3,-5.00032E-3,
,,,1.6350E-3,-5.00032E-3,
,,,1.6360E-3,-5.20033E-3,
,,,1.6370E-3,-4.40028E-3,
,,,1.6380E-3,-5.20033E-3,
,,,1.6390E-3,-5.20033E-3,
,,,1.6400E-3,-4.60029E-3,
,,,1.6410E-3,-5.20033E-3,
,,,1.6420E-3,-5.20033E-3,
,,,1.6430E-3,-5.20033E-3,
,,,1.6440E-3,-5.40035E-3,
,,,1.6450E-3,-5.00032E-3,
,,,1.6460E-3,-5.00032E-3,
,,,1.6470E-3,-5.00032E-3,
,,,1.6480E-3,-4.80031E-3,
,,,1.6490E-3,-5.60036E-3,
,,,1.6500E-3,-4.40028E-3,
,,,1.6510E-3,-4.60029E-3,
,,,1.6520E-3,-4.80031E-3,
,,,1.6530E-3,-5.20033E-3,
,,,1.6540E-3,-5.40035E-3,
,,,1.6550E-3,-5.20033E-3,
,,,1.6560E-3,-5.20033E-3,
,,,1.6570E-3,-5.20033E-3,
,,,1.6580E-3,-5.40035E-3,
,,,1.6590E-3,-5.20033E-3,
,,,1.6600E-3,-5.00032E-3,
,,,1.6610E-3,-4.60029E-3,
,,,1.6620E-3,-5.20033E-3,
,,,1.6630E-3,-5.20033E-3,
,,,1.6640E-3,-4.80031E-3,
,,,1.6650E-3,-5.00032E-3,
,,,1.6660E-3,-5.00032E-3,
,,,1.6670E-3,-5.40035E-3,
,,,1.6680E-3,-5.40035E-3,
,,,1.6690E-3,-6.00038E-3,
,,,1.6700E-3,-5.60036E-3,
,,,1.6710E-3,-5.80037E-3,
,,,1.6720E-3,-5.60036E-3,
,,,1.6730E-3,-6.40041E-3,
,,,1.6740E-3,-5.20033E-3,
,,,1.6750E-3,-5.20033E-3,
,,,1.6760E-3,-5.40035E-3,
,,,1.6770E-3,-5.40035E-3,
,,,1.6780E-3,-5.40035E-3,
,,,1.6790E-3,-5.80037E-3,
,,,1.6800E-3,-5.80037E-3,
,,,1.6810E-3,-5.40035E-3,
,,,1.6820E-3,-6.40041E-3,
,,,1.6830E-3,-4.80031E-3,
,,,1.6840E-3,-5.60036E-3,
,,,1.6850E-3,-6.80044E-3,
,,,1.6860E-3,-6.00038E-3,
,,,1.6870E-3,-6.60042E-3,
,,,1.6880E-3,-6.40041E-3,
,,,1.6890E-3,-6.20040E-3,
,,,1.6900E-3,-6.60042E-3,
,,,1.6910E-3,-6.60042E-3,
,,,1.6920E-3,-6.40041E-3,
,,,1.6930E-3,-6.00038E-3,
,,,1.6940E-3,-6.00038E-3,
,,,1.6950E-3,-5.80037E-3,
,,,1.6960E-3,-6.20040E-3,
,,,1.6970E-3,-6.20040E-3,
,,,1.6980E-3,-6.80044E-3,
,,,1.6990E-3,-6.00038E-3,
,,,1.7000E-3,-6.80044E-3,
,,,1.7010E-3,-6.20040E-3,
,,,1.7020E-3,-5.80037E-3,
,,,1.7030E-3,-6.60042E-3,
,,,1.7040E-3,-5.80037E-3,
,,,1.7050E-3,-5.40035E-3,
,,,1.7060E-3,-6.40041E-3,
,,,1.7070E-3,-6.00038E-3,
,,,1.7080E-3,-6.20040E-3,
,,,1.7090E-3,-6.20040E-3,
,,,1.7100E-3,-5.40035E-3,
,,,1.7110E-3,-5.40035E-3,
,,,1.7120E-3,-6.00038E-3,
,,,1.7130E-3,-6.00038E-3,
,,,1.7140E-3,-6.20040E-3,
,,,1.7150E-3,-5.80037E-3,
,,,1.7160E-3,-5.80037E-3,
,,,1.7170E-3,-6.00038E-3,
,,,1.7180E-3,-6.00038E-3,
,,,1.7190E-3,-6.20040E-3,
,,,1.7200E-3,-6.20040E-3,
,,,1.7210E-3,-6.60042E-3,
,,,1.7220E-3,-6.40041E-3,
,,,1.7230E-3,-6.20040E-3,
,,,1.7240E-3,-5.60036E-3,
,,,1.7250E-3,-6.20040E-3,
,,,1.7260E-3,-5.80037E-3,
,,,1.7270E-3,-5.60036E-3,
,,,1.7280E-3,-6.20040E-3,
,,,1.7290E-3,-5.20033E-3,
,,,1.7300E-3,-5.80037E-3,
,,,1.7310E-3,-5.80037E-3,
,,,1.7320E-3,-5.60036E-3,
,,,1.7330E-3,-5.80037E-3,
,,,1.7340E-3,-5.60036E-3,
,,,1.7350E-3,-5.20033E-3,
,,,1.7360E-3,-5.00032E-3,
,,,1.7370E-3,-6.40041E-3,
,,,1.7380E-3,-5.20033E-3,
,,,1.7390E-3,-5.40035E-3,
,,,1.7400E-3,-6.40041E-3,
,,,1.7410E-3,-4.80031E-3,
,,,1.7420E-3,-5.80037E-3,
,,,1.7430E-3,-6.00038E-3,
,,,1.7440E-3,-6.40041E-3,
,,,1.7450E-3,-5.60036E-3,
,,,1.7460E-3,-5.20033E-3,
,,,1.7470E-3,-5.80037E-3,
,,,1.7480E-3,-6.00038E-3,
,,,1.7490E-3,-5.60036E-3,
,,,1.7500E-3,-6.20040E-3,
,,,1.7510E-3,-6.40041E-3,
,,,1.7520E-3,-6.00038E-3,
,,,1.7530E-3,-6.00038E-3,
,,,1.7540E-3,-5.80037E-3,
,,,1.7550E-3,-6.20040E-3,
,,,1.7560E-3,-5.60036E-3,
,,,1.7570E-3,-5.80037E-3,
,,,1.7580E-3,-5.80037E-3,
,,,1.7590E-3,-5.60036E-3,
,,,1.7600E-3,-5.80037E-3,
,,,1.7610E-3,-5.80037E-3,
,,,1.7620E-3,-5.40035E-3,
,,,1.7630E-3,-5.60036E-3,
,,,1.7640E-3,-5.80037E-3,
,,,1.7650E-3,-5.60036E-3,
,,,1.7660E-3,-6.00038E-3,
,,,1.7670E-3,-6.00038E-3,
,,,1.7680E-3,-5.20033E-3,
,,,1.7690E-3,-6.20040E-3,
,,,1.7700E-3,-5.60036E-3,
,,,1.7710E-3,-5.40035E-3,
,,,1.7720E-3,-5.40035E-3,
,,,1.7730E-3,-5.40035E-3,
,,,1.7740E-3,-6.00038E-3,
,,,1.7750E-3,-5.00032E-3,
,,,1.7760E-3,-5.60036E-3,
,,,1.7770E-3,-5.80037E-3,
,,,1.7780E-3,-5.20033E-3,
,,,1.7790E-3,-5.20033E-3,
,,,1.7800E-3,-5.20033E-3,
,,,1.7810E-3,-4.80031E-3,
,,,1.7820E-3,-5.20033E-3,
,,,1.7830E-3,-5.40035E-3,
,,,1.7840E-3,-4.60029E-3,
,,,1.7850E-3,-5.00032E-3,
,,,1.7860E-3,-5.00032E-3,
,,,1.7870E-3,-5.20033E-3,
,,,1.7880E-3,-5.40035E-3,
,,,1.7890E-3,-4.80031E-3,
,,,1.7900E-3,-5.20033E-3,
,,,1.7910E-3,-5.60036E-3,
,,,1.7920E-3,-5.20033E-3,
,,,1.7930E-3,-5.20033E-3,
,,,1.7940E-3,-5.40035E-3,
,,,1.7950E-3,-5.80037E-3,
,,,1.7960E-3,-5.20033E-3,
,,,1.7970E-3,-4.60029E-3,
,,,1.7980E-3,-5.40035E-3,
,,,1.7990E-3,-4.60029E-3,
,,,1.8000E-3,-5.20033E-3,
,,,1.8010E-3,-4.80031E-3,
,,,1.8020E-3,-4.80031E-3,
,,,1.8030E-3,-5.00032E-3,
,,,1.8040E-3,-4.80031E-3,
,,,1.8050E-3,-5.20033E-3,
,,,1.8060E-3,-5.40035E-3,
,,,1.8070E-3,-5.20033E-3,
,,,1.8080E-3,-4.60029E-3,
,,,1.8090E-3,-5.60036E-3,
,,,1.8100E-3,-5.20033E-3,
,,,1.8110E-3,-5.20033E-3,
,,,1.8120E-3,-6.20040E-3,
,,,1.8130E-3,-5.40035E-3,
,,,1.8140E-3,-5.60036E-3,
,,,1.8150E-3,-5.60036E-3,
,,,1.8160E-3,-5.40035E-3,
,,,1.8170E-3,-6.20040E-3,
,,,1.8180E-3,-6.00038E-3,
,,,1.8190E-3,-5.40035E-3,
,,,1.8200E-3,-5.80037E-3,
,,,1.8210E-3,-5.60036E-3,
,,,1.8220E-3,-6.00038E-3,
,,,1.8230E-3,-6.20040E-3,
,,,1.8240E-3,-6.20040E-3,
,,,1.8250E-3,-6.00038E-3,
,,,1.8260E-3,-6.20040E-3,
,,,1.8270E-3,-6.40041E-3,
,,,1.8280E-3,-6.20040E-3,
,,,1.8290E-3,-6.60042E-3,
,,,1.8300E-3,-5.80037E-3,
,,,1.8310E-3,-6.20040E-3,
,,,1.8320E-3,-6.20040E-3,
,,,1.8330E-3,-5.40035E-3,
,,,1.8340E-3,-6.00038E-3,
,,,1.8350E-3,-5.80037E-3,
,,,1.8360E-3,-6.20040E-3,
,,,1.8370E-3,-6.00038E-3,
,,,1.8380E-3,-6.20040E-3,
,,,1.8390E-3,-6.20040E-3,
,,,1.8400E-3,-6.00038E-3,
,,,1.8410E-3,-6.20040E-3,
,,,1.8420E-3,-6.60042E-3,
,,,1.8430E-3,-6.40041E-3,
,,,1.8440E-3,-6.00038E-3,
,,,1.8450E-3,-6.60042E-3,
,,,1.8460E-3,-6.40041E-3,
,,,1.8470E-3,-5.20033E-3,
,,,1.8480E-3,-6.60042E-3,
,,,1.8490E-3,-5.40035E-3,
,,,1.8500E-3,-5.80037E-3,
,,,1.8510E-3,-6.00038E-3,
,,,1.8520E-3,-6.40041E-3,
,,,1.8530E-3,-6.60042E-3,
,,,1.8540E-3,-6.20040E-3,
,,,1.8550E-3,-6.00038E-3,
,,,1.8560E-3,-6.20040E-3,
,,,1.8570E-3,-7.00045E-3,
,,,1.8580E-3,-6.80044E-3,
,,,1.8590E-3,-6.40041E-3,
,,,1.8600E-3,-6.40041E-3,
,,,1.8610E-3,-7.00045E-3,
,,,1.8620E-3,-6.40041E-3,
,,,1.8630E-3,-6.60042E-3,
,,,1.8640E-3,-6.40041E-3,
,,,1.8650E-3,-5.40035E-3,
,,,1.8660E-3,-6.00038E-3,
,,,1.8670E-3,-6.60042E-3,
,,,1.8680E-3,-5.80037E-3,
,,,1.8690E-3,-7.20046E-3,
,,,1.8700E-3,-6.40041E-3,
,,,1.8710E-3,-5.80037E-3,
,,,1.8720E-3,-6.60042E-3,
,,,1.8730E-3,-7.00045E-3,
,,,1.8740E-3,-6.20040E-3,
,,,1.8750E-3,-7.00045E-3,
,,,1.8760E-3,-6.60042E-3,
,,,1.8770E-3,-6.60042E-3,
,,,1.8780E-3,-7.00045E-3,
,,,1.8790E-3,-6.00038E-3,
,,,1.8800E-3,-6.40041E-3,
,,,1.8810E-3,-6.60042E-3,
,,,1.8820E-3,-6.20040E-3,
,,,1.8830E-3,-6.60042E-3,
,,,1.8840E-3,-6.40041E-3,
,,,1.8850E-3,-6.00038E-3,
,,,1.8860E-3,-6.80044E-3,
,,,1.8870E-3,-6.40041E-3,
,,,1.8880E-3,-6.60042E-3,
,,,1.8890E-3,-6.80044E-3,
,,,1.8900E-3,-6.60042E-3,
,,,1.8910E-3,-6.60042E-3,
,,,1.8920E-3,-7.20046E-3,
,,,1.8930E-3,-5.80037E-3,
,,,1.8940E-3,-6.20040E-3,
,,,1.8950E-3,-6.40041E-3,
,,,1.8960E-3,-6.00038E-3,
,,,1.8970E-3,-6.40041E-3,
,,,1.8980E-3,-6.00038E-3,
,,,1.8990E-3,-5.60036E-3,
,,,1.9000E-3,-6.60042E-3,
,,,1.9010E-3,-5.60036E-3,
,,,1.9020E-3,-5.40035E-3,
,,,1.9030E-3,-6.40041E-3,
,,,1.9040E-3,-6.20040E-3,
,,,1.9050E-3,-5.20033E-3,
,,,1.9060E-3,-6.20040E-3,
,,,1.9070E-3,-5.80037E-3,
,,,1.9080E-3,-5.40035E-3,
,,,1.9090E-3,-6.40041E-3,
,,,1.9100E-3,-6.20040E-3,
,,,1.9110E-3,-5.60036E-3,
,,,1.9120E-3,-5.60036E-3,
,,,1.9130E-3,-5.20033E-3,
,,,1.9140E-3,-5.20033E-3,
,,,1.9150E-3,-6.20040E-3,
,,,1.9160E-3,-6.20040E-3,
,,,1.9170E-3,-5.00032E-3,
,,,1.9180E-3,-6.20040E-3,
,,,1.9190E-3,-5.80037E-3,
,,,1.9200E-3,-5.20033E-3,
,,,1.9210E-3,-5.80037E-3,
,,,1.9220E-3,-5.60036E-3,
,,,1.9230E-3,-5.20033E-3,
,,,1.9240E-3,-6.60042E-3,
,,,1.9250E-3,-5.20033E-3,
,,,1.9260E-3,-5.60036E-3,
,,,1.9270E-3,-5.80037E-3,
,,,1.9280E-3,-5.60036E-3,
,,,1.9290E-3,-5.60036E-3,
,,,1.9300E-3,-5.00032E-3,
,,,1.9310E-3,-6.00038E-3,
,,,1.9320E-3,-5.00032E-3,
,,,1.9330E-3,-5.60036E-3,
,,,1.9340E-3,-5.60036E-3,
,,,1.9350E-3,-5.40035E-3,
,,,1.9360E-3,-5.00032E-3,
,,,1.9370E-3,-5.20033E-3,
,,,1.9380E-3,-5.40035E-3,
,,,1.9390E-3,-5.00032E-3,
,,,1.9400E-3,-4.80031E-3,
,,,1.9410E-3,-5.20033E-3,
,,,1.9420E-3,-4.80031E-3,
,,,1.9430E-3,-5.20033E-3,
,,,1.9440E-3,-5.20033E-3,
,,,1.9450E-3,-5.00032E-3,
,,,1.9460E-3,-5.40035E-3,
,,,1.9470E-3,-5.40035E-3,
,,,1.9480E-3,-5.60036E-3,
,,,1.9490E-3,-5.60036E-3,
,,,1.9500E-3,-6.00038E-3,
,,,1.9510E-3,-5.40035E-3,
,,,1.9520E-3,-5.20033E-3,
,,,1.9530E-3,-5.40035E-3,
,,,1.9540E-3,-5.60036E-3,
,,,1.9550E-3,-5.20033E-3,
,,,1.9560E-3,-5.40035E-3,
,,,1.9570E-3,-5.20033E-3,
,,,1.9580E-3,-6.00038E-3,
,,,1.9590E-3,-6.20040E-3,
,,,1.9600E-3,-4.40028E-3,
,,,1.9610E-3,-6.00038E-3,
,,,1.9620E-3,-6.00038E-3,
,,,1.9630E-3,-4.80031E-3,
,,,1.9640E-3,-6.00038E-3,
,,,1.9650E-3,-6.20040E-3,
,,,1.9660E-3,-4.60029E-3,
,,,1.9670E-3,-6.20040E-3,
,,,1.9680E-3,-6.60042E-3,
,,,1.9690E-3,-5.40035E-3,
,,,1.9700E-3,-6.60042E-3,
,,,1.9710E-3,-6.00038E-3,
,,,1.9720E-3,-6.40041E-3,
,,,1.9730E-3,-6.60042E-3,
,,,1.9740E-3,-5.60036E-3,
,,,1.9750E-3,-5.20033E-3,
,,,1.9760E-3,-5.60036E-3,
,,,1.9770E-3,-5.60036E-3,
,,,1.9780E-3,-6.40041E-3,
,,,1.9790E-3,-6.60042E-3,
,,,1.9800E-3,-6.40041E-3,
,,,1.9810E-3,-6.60042E-3,
,,,1.9820E-3,-6.60042E-3,
,,,1.9830E-3,-6.00038E-3,
,,,1.9840E-3,-6.80044E-3,
,,,1.9850E-3,-6.40041E-3,
,,,1.9860E-3,-6.60042E-3,
,,,1.9870E-3,-6.00038E-3,
,,,1.9880E-3,-6.00038E-3,
,,,1.9890E-3,-6.40041E-3,
,,,1.9900E-3,-6.60042E-3,
,,,1.9910E-3,-6.20040E-3,
,,,1.9920E-3,-6.80044E-3,
,,,1.9930E-3,-6.00038E-3,
,,,1.9940E-3,-6.60042E-3,
,,,1.9950E-3,-6.80044E-3,
,,,1.9960E-3,-6.40041E-3,
,,,1.9970E-3,-6.40041E-3,
,,,1.9980E-3,-6.80044E-3,
,,,1.9990E-3,-6.40041E-3,
,,,2.0000E-3,-6.60042E-3,
,,,2.0010E-3,-6.60042E-3,
,,,2.0020E-3,-6.20040E-3,
,,,2.0030E-3,-6.80044E-3,
,,,2.0040E-3,-6.60042E-3,
,,,2.0050E-3,-6.20040E-3,
,,,2.0060E-3,-6.60042E-3,
,,,2.0070E-3,-6.40041E-3,
,,,2.0080E-3,-6.60042E-3,
,,,2.0090E-3,-6.60042E-3,
,,,2.0100E-3,-6.00038E-3,
,,,2.0110E-3,-6.40041E-3,
,,,2.0120E-3,-6.60042E-3,
,,,2.0130E-3,-6.60042E-3,
,,,2.0140E-3,-7.00045E-3,
,,,2.0150E-3,-6.00038E-3,
,,,2.0160E-3,-6.40041E-3,
,,,2.0170E-3,-6.20040E-3,
,,,2.0180E-3,-5.40035E-3,
,,,2.0190E-3,-6.40041E-3,
,,,2.0200E-3,-7.00045E-3,
,,,2.0210E-3,-5.40035E-3,
,,,2.0220E-3,-7.00045E-3,
,,,2.0230E-3,-6.00038E-3,
,,,2.0240E-3,-6.20040E-3,
,,,2.0250E-3,-6.80044E-3,
,,,2.0260E-3,-6.20040E-3,
,,,2.0270E-3,-6.60042E-3,
,,,2.0280E-3,-6.80044E-3,
,,,2.0290E-3,-6.00038E-3,
,,,2.0300E-3,-6.40041E-3,
,,,2.0310E-3,-6.60042E-3,
,,,2.0320E-3,-5.80037E-3,
,,,2.0330E-3,-5.80037E-3,
,,,2.0340E-3,-6.60042E-3,
,,,2.0350E-3,-5.40035E-3,
,,,2.0360E-3,-6.60042E-3,
,,,2.0370E-3,-6.40041E-3,
,,,2.0380E-3,-5.80037E-3,
,,,2.0390E-3,-6.00038E-3,
,,,2.0400E-3,-6.20040E-3,
,,,2.0410E-3,-6.00038E-3,
,,,2.0420E-3,-6.60042E-3,
,,,2.0430E-3,-7.00045E-3,
,,,2.0440E-3,-6.60042E-3,
,,,2.0450E-3,-6.40041E-3,
,,,2.0460E-3,-6.40041E-3,
,,,2.0470E-3,-6.40041E-3,
,,,2.0480E-3,-6.60042E-3,
,,,2.0490E-3,-6.40041E-3,
,,,2.0500E-3,-6.60042E-3,
,,,2.0510E-3,-6.80044E-3,
,,,2.0520E-3,-6.80044E-3,
,,,2.0530E-3,-6.60042E-3,
,,,2.0540E-3,-7.00045E-3,
,,,2.0550E-3,-7.20046E-3,
,,,2.0560E-3,-7.00045E-3,
,,,2.0570E-3,-7.20046E-3,
,,,2.0580E-3,-8.200524E-3,
,,,2.0590E-3,-7.400474E-3,
,,,2.0600E-3,-6.40041E-3,
,,,2.0610E-3,-6.60042E-3,
,,,2.0620E-3,-6.60042E-3,
,,,2.0630E-3,-6.60042E-3,
,,,2.0640E-3,-6.40041E-3,
,,,2.0650E-3,-7.00045E-3,
,,,2.0660E-3,-6.60042E-3,
,,,2.0670E-3,-7.20046E-3,
,,,2.0680E-3,-6.80044E-3,
,,,2.0690E-3,-6.80044E-3,
,,,2.0700E-3,-6.40041E-3,
,,,2.0710E-3,-6.60042E-3,
,,,2.0720E-3,-5.80037E-3,
,,,2.0730E-3,-6.60042E-3,
,,,2.0740E-3,-7.00045E-3,
,,,2.0750E-3,-6.80044E-3,
,,,2.0760E-3,-6.60042E-3,
,,,2.0770E-3,-6.80044E-3,
,,,2.0780E-3,-6.60042E-3,
,,,2.0790E-3,-6.60042E-3,
,,,2.0800E-3,-6.20040E-3,
,,,2.0810E-3,-6.40041E-3,
,,,2.0820E-3,-6.20040E-3,
,,,2.0830E-3,-6.00038E-3,
,,,2.0840E-3,-6.40041E-3,
,,,2.0850E-3,-5.60036E-3,
,,,2.0860E-3,-6.60042E-3,
,,,2.0870E-3,-6.60042E-3,
,,,2.0880E-3,-7.00045E-3,
,,,2.0890E-3,-7.00045E-3,
,,,2.0900E-3,-6.60042E-3,
,,,2.0910E-3,-6.80044E-3,
,,,2.0920E-3,-6.60042E-3,
,,,2.0930E-3,-6.60042E-3,
,,,2.0940E-3,-6.60042E-3,
,,,2.0950E-3,-6.40041E-3,
,,,2.0960E-3,-6.60042E-3,
,,,2.0970E-3,-6.60042E-3,
,,,2.0980E-3,-6.80044E-3,
,,,2.0990E-3,-6.40041E-3,
,,,2.1000E-3,-6.80044E-3,
,,,2.1010E-3,-7.00045E-3,
,,,2.1020E-3,-6.60042E-3,
,,,2.1030E-3,-6.60042E-3,
,,,2.1040E-3,-7.20046E-3,
,,,2.1050E-3,-6.60042E-3,
,,,2.1060E-3,-7.00045E-3,
,,,2.1070E-3,-7.20046E-3,
,,,2.1080E-3,-7.600486E-3,
,,,2.1090E-3,-7.20046E-3,
,,,2.1100E-3,-6.60042E-3,
,,,2.1110E-3,-6.60042E-3,
,,,2.1120E-3,-7.00045E-3,
,,,2.1130E-3,-6.60042E-3,
,,,2.1140E-3,-6.60042E-3,
,,,2.1150E-3,-6.80044E-3,
,,,2.1160E-3,-6.40041E-3,
,,,2.1170E-3,-6.80044E-3,
,,,2.1180E-3,-6.40041E-3,
,,,2.1190E-3,-6.60042E-3,
,,,2.1200E-3,-6.60042E-3,
,,,2.1210E-3,-7.00045E-3,
,,,2.1220E-3,-6.60042E-3,
,,,2.1230E-3,-6.80044E-3,
,,,2.1240E-3,-6.40041E-3,
,,,2.1250E-3,-6.00038E-3,
,,,2.1260E-3,-6.40041E-3,
,,,2.1270E-3,-6.80044E-3,
,,,2.1280E-3,-5.40035E-3,
,,,2.1290E-3,-6.40041E-3,
,,,2.1300E-3,-6.00038E-3,
,,,2.1310E-3,-7.00045E-3,
,,,2.1320E-3,-5.80037E-3,
,,,2.1330E-3,-6.40041E-3,
,,,2.1340E-3,-7.20046E-3,
,,,2.1350E-3,-6.20040E-3,
,,,2.1360E-3,-6.00038E-3,
,,,2.1370E-3,-6.60042E-3,
,,,2.1380E-3,-6.40041E-3,
,,,2.1390E-3,-5.80037E-3,
,,,2.1400E-3,-6.80044E-3,
,,,2.1410E-3,-6.80044E-3,
,,,2.1420E-3,-5.80037E-3,
,,,2.1430E-3,-6.00038E-3,
,,,2.1440E-3,-5.60036E-3,
,,,2.1450E-3,-5.80037E-3,
,,,2.1460E-3,-6.40041E-3,
,,,2.1470E-3,-6.40041E-3,
,,,2.1480E-3,-6.20040E-3,
,,,2.1490E-3,-6.20040E-3,
,,,2.1500E-3,-6.60042E-3,
,,,2.1510E-3,-6.60042E-3,
,,,2.1520E-3,-6.60042E-3,
,,,2.1530E-3,-6.60042E-3,
,,,2.1540E-3,-6.80044E-3,
,,,2.1550E-3,-6.60042E-3,
,,,2.1560E-3,-6.60042E-3,
,,,2.1570E-3,-6.20040E-3,
,,,2.1580E-3,-6.80044E-3,
,,,2.1590E-3,-7.20046E-3,
,,,2.1600E-3,-6.60042E-3,
,,,2.1610E-3,-6.60042E-3,
,,,2.1620E-3,-7.20046E-3,
,,,2.1630E-3,-7.00045E-3,
,,,2.1640E-3,-7.20046E-3,
,,,2.1650E-3,-7.20046E-3,
,,,2.1660E-3,-7.00045E-3,
,,,2.1670E-3,-7.00045E-3,
,,,2.1680E-3,-7.400474E-3,
,,,2.1690E-3,-7.20046E-3,
,,,2.1700E-3,-6.80044E-3,
,,,2.1710E-3,-7.800499E-3,
,,,2.1720E-3,-7.20046E-3,
,,,2.1730E-3,-7.20046E-3,
,,,2.1740E-3,-7.600486E-3,
,,,2.1750E-3,-7.20046E-3,
,,,2.1760E-3,-6.80044E-3,
,,,2.1770E-3,-7.600486E-3,
,,,2.1780E-3,-6.60042E-3,
,,,2.1790E-3,-7.00045E-3,
,,,2.1800E-3,-7.600486E-3,
,,,2.1810E-3,-7.00045E-3,
,,,2.1820E-3,-8.400538E-3,
,,,2.1830E-3,-8.200524E-3,
,,,2.1840E-3,-7.800499E-3,
,,,2.1850E-3,-7.20046E-3,
,,,2.1860E-3,-7.600486E-3,
,,,2.1870E-3,-7.00045E-3,
,,,2.1880E-3,-7.20046E-3,
,,,2.1890E-3,-7.20046E-3,
,,,2.1900E-3,-6.80044E-3,
,,,2.1910E-3,-7.00045E-3,
,,,2.1920E-3,-7.600486E-3,
,,,2.1930E-3,-6.80044E-3,
,,,2.1940E-3,-6.80044E-3,
,,,2.1950E-3,-8.400538E-3,
,,,2.1960E-3,-7.400474E-3,
,,,2.1970E-3,-8.000512E-3,
,,,2.1980E-3,-7.600486E-3,
,,,2.1990E-3,-7.00045E-3,
,,,2.2000E-3,-6.60042E-3,
,,,2.2010E-3,-7.600486E-3,
,,,2.2020E-3,-7.00045E-3,
,,,2.2030E-3,-7.400474E-3,
,,,2.2040E-3,-7.400474E-3,
,,,2.2050E-3,-6.40041E-3,
,,,2.2060E-3,-7.00045E-3,
,,,2.2070E-3,-7.00045E-3,
,,,2.2080E-3,-6.60042E-3,
,,,2.2090E-3,-7.600486E-3,
,,,2.2100E-3,-7.20046E-3,
,,,2.2110E-3,-7.00045E-3,
,,,2.2120E-3,-7.00045E-3,
,,,2.2130E-3,-6.40041E-3,
,,,2.2140E-3,-6.80044E-3,
,,,2.2150E-3,-7.400474E-3,
,,,2.2160E-3,-5.80037E-3,
,,,2.2170E-3,-6.60042E-3,
,,,2.2180E-3,-7.00045E-3,
,,,2.2190E-3,-6.20040E-3,
,,,2.2200E-3,-6.20040E-3,
,,,2.2210E-3,-6.40041E-3,
,,,2.2220E-3,-5.40035E-3,
,,,2.2230E-3,-6.40041E-3,
,,,2.2240E-3,-6.20040E-3,
,,,2.2250E-3,-6.40041E-3,
,,,2.2260E-3,-6.80044E-3,
,,,2.2270E-3,-6.60042E-3,
,,,2.2280E-3,-6.60042E-3,
,,,2.2290E-3,-6.80044E-3,
,,,2.2300E-3,-6.40041E-3,
,,,2.2310E-3,-6.80044E-3,
,,,2.2320E-3,-6.80044E-3,
,,,2.2330E-3,-6.00038E-3,
,,,2.2340E-3,-6.60042E-3,
,,,2.2350E-3,-7.00045E-3,
,,,2.2360E-3,-6.00038E-3,
,,,2.2370E-3,-7.600486E-3,
,,,2.2380E-3,-6.60042E-3,
,,,2.2390E-3,-6.20040E-3,
,,,2.2400E-3,-6.00038E-3,
,,,2.2410E-3,-6.20040E-3,
,,,2.2420E-3,-6.20040E-3,
,,,2.2430E-3,-6.60042E-3,
,,,2.2440E-3,-6.80044E-3,
,,,2.2450E-3,-6.80044E-3,
,,,2.2460E-3,-6.20040E-3,
,,,2.2470E-3,-6.40041E-3,
,,,2.2480E-3,-6.60042E-3,
,,,2.2490E-3,-6.00038E-3,
,,,2.2500E-3,-7.00045E-3,
,,,2.2510E-3,-6.00038E-3,
,,,2.2520E-3,-5.80037E-3,
,,,2.2530E-3,-7.00045E-3,
,,,2.2540E-3,-6.00038E-3,
,,,2.2550E-3,-6.40041E-3,
,,,2.2560E-3,-7.20046E-3,
,,,2.2570E-3,-5.60036E-3,
,,,2.2580E-3,-6.60042E-3,
,,,2.2590E-3,-6.80044E-3,
,,,2.2600E-3,-6.40041E-3,
,,,2.2610E-3,-6.40041E-3,
,,,2.2620E-3,-6.40041E-3,
,,,2.2630E-3,-6.40041E-3,
,,,2.2640E-3,-7.00045E-3,
,,,2.2650E-3,-7.00045E-3,
,,,2.2660E-3,-6.20040E-3,
,,,2.2670E-3,-6.80044E-3,
,,,2.2680E-3,-5.80037E-3,
,,,2.2690E-3,-6.60042E-3,
,,,2.2700E-3,-6.80044E-3,
,,,2.2710E-3,-6.60042E-3,
,,,2.2720E-3,-6.80044E-3,
,,,2.2730E-3,-6.40041E-3,
,,,2.2740E-3,-6.40041E-3,
,,,2.2750E-3,-6.80044E-3,
,,,2.2760E-3,-6.80044E-3,
,,,2.2770E-3,-7.00045E-3,
,,,2.2780E-3,-6.80044E-3,
,,,2.2790E-3,-6.80044E-3,
,,,2.2800E-3,-7.00045E-3,
,,,2.2810E-3,-6.60042E-3,
,,,2.2820E-3,-6.60042E-3,
,,,2.2830E-3,-7.20046E-3,
,,,2.2840E-3,-6.80044E-3,
,,,2.2850E-3,-7.00045E-3,
,,,2.2860E-3,-7.400474E-3,
,,,2.2870E-3,-7.00045E-3,
,,,2.2880E-3,-7.400474E-3,
,,,2.2890E-3,-7.20046E-3,
,,,2.2900E-3,-7.800499E-3,
,,,2.2910E-3,-7.20046E-3,
,,,2.2920E-3,-6.60042E-3,
,,,2.2930E-3,-8.000512E-3,
,,,2.2940E-3,-5.80037E-3,
,,,2.2950E-3,-7.600486E-3,
,,,2.2960E-3,-6.60042E-3,
,,,2.2970E-3,-6.80044E-3,
,,,2.2980E-3,-6.80044E-3,
,,,2.2990E-3,-7.400474E-3,
,,,2.3000E-3,-6.40041E-3,
,,,2.3010E-3,-7.00045E-3,
,,,2.3020E-3,-7.400474E-3,
,,,2.3030E-3,-6.40041E-3,
,,,2.3040E-3,-7.600486E-3,
,,,2.3050E-3,-7.20046E-3,
,,,2.3060E-3,-6.60042E-3,
,,,2.3070E-3,-7.600486E-3,
,,,2.3080E-3,-7.00045E-3,
,,,2.3090E-3,-7.00045E-3,
,,,2.3100E-3,-7.600486E-3,
,,,2.3110E-3,-7.00045E-3,
,,,2.3120E-3,-7.00045E-3,
,,,2.3130E-3,-7.400474E-3,
,,,2.3140E-3,-7.20046E-3,
,,,2.3150E-3,-7.600486E-3,
,,,2.3160E-3,-7.400474E-3,
,,,2.3170E-3,-7.00045E-3,
,,,2.3180E-3,-7.600486E-3,
,,,2.3190E-3,-8.000512E-3,
,,,2.3200E-3,-7.400474E-3,
,,,2.3210E-3,-7.600486E-3,
,,,2.3220E-3,-7.00045E-3,
,,,2.3230E-3,-7.00045E-3,
,,,2.3240E-3,-7.400474E-3,
,,,2.3250E-3,-6.60042E-3,
,,,2.3260E-3,-7.600486E-3,
,,,2.3270E-3,-7.20046E-3,
,,,2.3280E-3,-7.20046E-3,
,,,2.3290E-3,-8.200524E-3,
,,,2.3300E-3,-7.00045E-3,
,,,2.3310E-3,-7.400474E-3,
,,,2.3320E-3,-7.600486E-3,
,,,2.3330E-3,-7.00045E-3,
,,,2.3340E-3,-7.600486E-3,
,,,2.3350E-3,-8.200524E-3,
,,,2.3360E-3,-7.800499E-3,
,,,2.3370E-3,-7.400474E-3,
,,,2.3380E-3,-7.00045E-3,
,,,2.3390E-3,-7.800499E-3,
,,,2.3400E-3,-7.800499E-3,
,,,2.3410E-3,-7.20046E-3,
,,,2.3420E-3,-6.80044E-3,
,,,2.3430E-3,-6.60042E-3,
,,,2.3440E-3,-6.80044E-3,
,,,2.3450E-3,-7.800499E-3,
,,,2.3460E-3,-6.20040E-3,
,,,2.3470E-3,-6.60042E-3,
,,,2.3480E-3,-7.600486E-3,
,,,2.3490E-3,-5.60036E-3,
,,,2.3500E-3,-7.20046E-3,
,,,2.3510E-3,-7.400474E-3,
,,,2.3520E-3,-6.20040E-3,
,,,2.3530E-3,-7.400474E-3,
,,,2.3540E-3,-7.600486E-3,
,,,2.3550E-3,-6.80044E-3,
,,,2.3560E-3,-7.600486E-3,
,,,2.3570E-3,-7.20046E-3,
,,,2.3580E-3,-6.60042E-3,
,,,2.3590E-3,-7.800499E-3,
,,,2.3600E-3,-7.20046E-3,
,,,2.3610E-3,-7.00045E-3,
,,,2.3620E-3,-8.000512E-3,
,,,2.3630E-3,-6.40041E-3,
,,,2.3640E-3,-6.40041E-3,
,,,2.3650E-3,-7.800499E-3,
,,,2.3660E-3,-7.00045E-3,
,,,2.3670E-3,-7.20046E-3,
,,,2.3680E-3,-7.600486E-3,
,,,2.3690E-3,-7.20046E-3,
,,,2.3700E-3,-7.400474E-3,
,,,2.3710E-3,-7.600486E-3,
,,,2.3720E-3,-7.00045E-3,
,,,2.3730E-3,-7.20046E-3,
,,,2.3740E-3,-7.20046E-3,
,,,2.3750E-3,-7.20046E-3,
,,,2.3760E-3,-7.20046E-3,
,,,2.3770E-3,-6.60042E-3,
,,,2.3780E-3,-7.400474E-3,
,,,2.3790E-3,-6.80044E-3,
,,,2.3800E-3,-7.00045E-3,
,,,2.3810E-3,-7.20046E-3,
,,,2.3820E-3,-7.20046E-3,
,,,2.3830E-3,-7.400474E-3,
,,,2.3840E-3,-7.400474E-3,
,,,2.3850E-3,-7.400474E-3,
,,,2.3860E-3,-7.20046E-3,
,,,2.3870E-3,-7.20046E-3,
,,,2.3880E-3,-6.80044E-3,
,,,2.3890E-3,-7.400474E-3,
,,,2.3900E-3,-7.00045E-3,
,,,2.3910E-3,-7.00045E-3,
,,,2.3920E-3,-7.600486E-3,
,,,2.3930E-3,-6.60042E-3,
,,,2.3940E-3,-8.000512E-3,
,,,2.3950E-3,-7.600486E-3,
,,,2.3960E-3,-6.80044E-3,
,,,2.3970E-3,-7.20046E-3,
,,,2.3980E-3,-7.00045E-3,
,,,2.3990E-3,-7.20046E-3,
,,,2.4000E-3,-7.20046E-3,
,,,2.4010E-3,-7.400474E-3,
,,,2.4020E-3,-6.60042E-3,
,,,2.4030E-3,-8.000512E-3,
,,,2.4040E-3,-6.60042E-3,
,,,2.4050E-3,-7.600486E-3,
,,,2.4060E-3,-7.400474E-3,
,,,2.4070E-3,-6.60042E-3,
,,,2.4080E-3,-7.600486E-3,
,,,2.4090E-3,-7.800499E-3,
,,,2.4100E-3,-6.80044E-3,
,,,2.4110E-3,-7.800499E-3,
,,,2.4120E-3,-7.400474E-3,
,,,2.4130E-3,-7.800499E-3,
,,,2.4140E-3,-7.600486E-3,
,,,2.4150E-3,-7.400474E-3,
,,,2.4160E-3,-7.400474E-3,
,,,2.4170E-3,-7.600486E-3,
,,,2.4180E-3,-7.20046E-3,
,,,2.4190E-3,-7.20046E-3,
,,,2.4200E-3,-7.00045E-3,
,,,2.4210E-3,-6.60042E-3,
,,,2.4220E-3,-6.80044E-3,
,,,2.4230E-3,-7.600486E-3,
,,,2.4240E-3,-6.80044E-3,
,,,2.4250E-3,-6.80044E-3,
,,,2.4260E-3,-6.80044E-3,
,,,2.4270E-3,-6.40041E-3,
,,,2.4280E-3,-7.20046E-3,
,,,2.4290E-3,-6.40041E-3,
,,,2.4300E-3,-6.40041E-3,
,,,2.4310E-3,-6.20040E-3,
,,,2.4320E-3,-6.20040E-3,
,,,2.4330E-3,-6.40041E-3,
,,,2.4340E-3,-6.40041E-3,
,,,2.4350E-3,-6.60042E-3,
,,,2.4360E-3,-6.60042E-3,
,,,2.4370E-3,-6.00038E-3,
,,,2.4380E-3,-6.40041E-3,
,,,2.4390E-3,-5.80037E-3,
