Record Length,2500,Points,-8.800001E-3,-52.00000E-3,
Sample Interval,10.00000E-6,s,-8.790001E-3,-52.00000E-3,
Trigger Point,880.000111,Samples,-8.780001E-3,-52.00000E-3,
,,,-8.770001E-3,-52.00000E-3,
,,,-8.760001E-3,-55.999994E-3,
,,,-8.750001E-3,-55.999994E-3,
Source,CH1,,-8.740000E-3,-55.999994E-3,
Vertical Units,Volts,,-8.730001E-3,-55.999994E-3,
Vertical Scale,102.3906E-3,,-8.720001E-3,-55.999994E-3,
Vertical Offset,0,,-8.710001E-3,-59.999995E-3,
Horizontal Units,s,,-8.700001E-3,-59.999995E-3,
Horizontal Scale,2.5000E-3,,-8.690001E-3,-59.999995E-3,
Pt Fmt,Y,,-8.680001E-3,-59.999995E-3,
Yzero,0.0,,-8.670001E-3,-59.999995E-3,
Probe Atten,10.0000,,-8.660001E-3,-59.999995E-3,
,,,-8.650001E-3,-59.999995E-3,
Note,TDS 1002B - 11:32:00   20/11/2018,,-8.640001E-3,-59.999995E-3,
,,,-8.630001E-3,-59.999995E-3,
,,,-8.620000E-3,-59.999995E-3,
,,,-8.610001E-3,-63.999996E-3,
,,,-8.600001E-3,-63.999996E-3,
,,,-8.590001E-3,-63.999996E-3,
,,,-8.580001E-3,-63.999996E-3,
,,,-8.570001E-3,-63.999996E-3,
,,,-8.560001E-3,-67.999996E-3,
,,,-8.550001E-3,-67.999996E-3,
,,,-8.540001E-3,-67.999996E-3,
,,,-8.530001E-3,-67.999996E-3,
,,,-8.520001E-3,-67.999996E-3,
,,,-8.510001E-3,-67.999996E-3,
,,,-8.500000E-3,-67.999996E-3,
,,,-8.490001E-3,-71.999997E-3,
,,,-8.480001E-3,-71.999997E-3,
,,,-8.470001E-3,-71.999997E-3,
,,,-8.460001E-3,-71.999997E-3,
,,,-8.450001E-3,-71.999997E-3,
,,,-8.440001E-3,-71.999997E-3,
,,,-8.430001E-3,-71.999997E-3,
,,,-8.420001E-3,-71.999997E-3,
,,,-8.410001E-3,-71.999997E-3,
,,,-8.400001E-3,-75.999998E-3,
,,,-8.390001E-3,-75.999998E-3,
,,,-8.380000E-3,-75.999998E-3,
,,,-8.370001E-3,-75.999998E-3,
,,,-8.360001E-3,-75.999998E-3,
,,,-8.350001E-3,-75.999998E-3,
,,,-8.340001E-3,-79.999998E-3,
,,,-8.330001E-3,-75.999998E-3,
,,,-8.320001E-3,-79.999998E-3,
,,,-8.310001E-3,-79.999998E-3,
,,,-8.300001E-3,-79.999998E-3,
,,,-8.290001E-3,-79.999998E-3,
,,,-8.280001E-3,-79.999998E-3,
,,,-8.270001E-3,-79.999998E-3,
,,,-8.260000E-3,-79.999998E-3,
,,,-8.250001E-3,-83.999991E-3,
,,,-8.240001E-3,-83.999991E-3,
,,,-8.230001E-3,-83.999991E-3,
,,,-8.220001E-3,-83.999991E-3,
,,,-8.210001E-3,-83.999991E-3,
,,,-8.200001E-3,-83.999991E-3,
,,,-8.190001E-3,-83.999991E-3,
,,,-8.180001E-3,-83.999991E-3,
,,,-8.170001E-3,-83.999991E-3,
,,,-8.160001E-3,-87.999992E-3,
,,,-8.150001E-3,-87.999992E-3,
,,,-8.140001E-3,-87.999992E-3,
,,,-8.130001E-3,-87.999992E-3,
,,,-8.120001E-3,-87.999992E-3,
,,,-8.110001E-3,-87.999992E-3,
,,,-8.100001E-3,-87.999992E-3,
,,,-8.090001E-3,-87.999992E-3,
,,,-8.080001E-3,-87.999992E-3,
,,,-8.070000E-3,-91.999993E-3,
,,,-8.060001E-3,-91.999993E-3,
,,,-8.050001E-3,-91.999993E-3,
,,,-8.040001E-3,-91.999993E-3,
,,,-8.030001E-3,-91.999993E-3,
,,,-8.020001E-3,-91.999993E-3,
,,,-8.010001E-3,-91.999993E-3,
,,,-8.000001E-3,-91.999993E-3,
,,,-7.990001E-3,-91.999993E-3,
,,,-7.980001E-3,-95.999993E-3,
,,,-7.970001E-3,-95.999993E-3,
,,,-7.960001E-3,-95.999993E-3,
,,,-7.950000E-3,-95.999993E-3,
,,,-7.940001E-3,-95.999993E-3,
,,,-7.930001E-3,-95.999993E-3,
,,,-7.920001E-3,-95.999993E-3,
,,,-7.910001E-3,-95.999993E-3,
,,,-7.900001E-3,-95.999993E-3,
,,,-7.890001E-3,-95.999993E-3,
,,,-7.880001E-3,-95.999993E-3,
,,,-7.870001E-3,-95.999993E-3,
,,,-7.860001E-3,-99.999994E-3,
,,,-7.850001E-3,-99.999994E-3,
,,,-7.840001E-3,-99.999994E-3,
,,,-7.830000E-3,-99.999994E-3,
,,,-7.820001E-3,-99.999994E-3,
,,,-7.810001E-3,-99.999994E-3,
,,,-7.800001E-3,-99.999994E-3,
,,,-7.790001E-3,-99.999994E-3,
,,,-7.780001E-3,-99.999994E-3,
,,,-7.770001E-3,-99.999994E-3,
,,,-7.760001E-3,-99.999994E-3,
,,,-7.750001E-3,-104.0000E-3,
,,,-7.740001E-3,-104.0000E-3,
,,,-7.730001E-3,-104.0000E-3,
,,,-7.720001E-3,-104.0000E-3,
,,,-7.710001E-3,-104.0000E-3,
,,,-7.700001E-3,-104.0000E-3,
,,,-7.690001E-3,-104.0000E-3,
,,,-7.680001E-3,-104.0000E-3,
,,,-7.670001E-3,-104.0000E-3,
,,,-7.660001E-3,-104.0000E-3,
,,,-7.650001E-3,-104.0000E-3,
,,,-7.640001E-3,-104.0000E-3,
,,,-7.630001E-3,-104.0000E-3,
,,,-7.620001E-3,-104.0000E-3,
,,,-7.610001E-3,-104.0000E-3,
,,,-7.600001E-3,-104.0000E-3,
,,,-7.590001E-3,-108.0000E-3,
,,,-7.580001E-3,-108.0000E-3,
,,,-7.570001E-3,-108.0000E-3,
,,,-7.560001E-3,-108.0000E-3,
,,,-7.550001E-3,-108.0000E-3,
,,,-7.540001E-3,-108.0000E-3,
,,,-7.530001E-3,-108.0000E-3,
,,,-7.520001E-3,-108.0000E-3,
,,,-7.510001E-3,-108.0000E-3,
,,,-7.500001E-3,-108.0000E-3,
,,,-7.490001E-3,-108.0000E-3,
,,,-7.480001E-3,-108.0000E-3,
,,,-7.470001E-3,-108.0000E-3,
,,,-7.460001E-3,-108.0000E-3,
,,,-7.450001E-3,-108.0000E-3,
,,,-7.440001E-3,-108.0000E-3,
,,,-7.430001E-3,-108.0000E-3,
,,,-7.420001E-3,-108.0000E-3,
,,,-7.410001E-3,-108.0000E-3,
,,,-7.400001E-3,-108.0000E-3,
,,,-7.390001E-3,-108.0000E-3,
,,,-7.38000E-3,-108.0000E-3,
,,,-7.37000E-3,-108.0000E-3,
,,,-7.36000E-3,-112.0000E-3,
,,,-7.35000E-3,-112.0000E-3,
,,,-7.34000E-3,-112.0000E-3,
,,,-7.33000E-3,-112.0000E-3,
,,,-7.32000E-3,-112.0000E-3,
,,,-7.31000E-3,-112.0000E-3,
,,,-7.30000E-3,-112.0000E-3,
,,,-7.29000E-3,-112.0000E-3,
,,,-7.28000E-3,-112.0000E-3,
,,,-7.27000E-3,-112.0000E-3,
,,,-7.26000E-3,-112.0000E-3,
,,,-7.25000E-3,-112.0000E-3,
,,,-7.24000E-3,-112.0000E-3,
,,,-7.23000E-3,-112.0000E-3,
,,,-7.22000E-3,-112.0000E-3,
,,,-7.21000E-3,-112.0000E-3,
,,,-7.20000E-3,-112.0000E-3,
,,,-7.19000E-3,-112.0000E-3,
,,,-7.18000E-3,-112.0000E-3,
,,,-7.17000E-3,-112.0000E-3,
,,,-7.16000E-3,-112.0000E-3,
,,,-7.15000E-3,-112.0000E-3,
,,,-7.14000E-3,-112.0000E-3,
,,,-7.13000E-3,-112.0000E-3,
,,,-7.12000E-3,-112.0000E-3,
,,,-7.11000E-3,-112.0000E-3,
,,,-7.10000E-3,-112.0000E-3,
,,,-7.09000E-3,-112.0000E-3,
,,,-7.08000E-3,-112.0000E-3,
,,,-7.07000E-3,-112.0000E-3,
,,,-7.06000E-3,-112.0000E-3,
,,,-7.05000E-3,-112.0000E-3,
,,,-7.04000E-3,-112.0000E-3,
,,,-7.03000E-3,-112.0000E-3,
,,,-7.02000E-3,-112.0000E-3,
,,,-7.01000E-3,-112.0000E-3,
,,,-7.00000E-3,-112.0000E-3,
,,,-6.99000E-3,-112.0000E-3,
,,,-6.98000E-3,-112.0000E-3,
,,,-6.97000E-3,-112.0000E-3,
,,,-6.96000E-3,-112.0000E-3,
,,,-6.95000E-3,-112.0000E-3,
,,,-6.94000E-3,-112.0000E-3,
,,,-6.93000E-3,-112.0000E-3,
,,,-6.92000E-3,-112.0000E-3,
,,,-6.91000E-3,-112.0000E-3,
,,,-6.90000E-3,-112.0000E-3,
,,,-6.89000E-3,-112.0000E-3,
,,,-6.88000E-3,-112.0000E-3,
,,,-6.87000E-3,-112.0000E-3,
,,,-6.86000E-3,-112.0000E-3,
,,,-6.85000E-3,-112.0000E-3,
,,,-6.84000E-3,-112.0000E-3,
,,,-6.83000E-3,-108.0000E-3,
,,,-6.82000E-3,-108.0000E-3,
,,,-6.81000E-3,-108.0000E-3,
,,,-6.80000E-3,-108.0000E-3,
,,,-6.79000E-3,-108.0000E-3,
,,,-6.78000E-3,-108.0000E-3,
,,,-6.77000E-3,-108.0000E-3,
,,,-6.76000E-3,-108.0000E-3,
,,,-6.75000E-3,-108.0000E-3,
,,,-6.74000E-3,-108.0000E-3,
,,,-6.73000E-3,-108.0000E-3,
,,,-6.72000E-3,-108.0000E-3,
,,,-6.71000E-3,-108.0000E-3,
,,,-6.70000E-3,-108.0000E-3,
,,,-6.69000E-3,-108.0000E-3,
,,,-6.68000E-3,-108.0000E-3,
,,,-6.67000E-3,-108.0000E-3,
,,,-6.66000E-3,-108.0000E-3,
,,,-6.65000E-3,-108.0000E-3,
,,,-6.64000E-3,-108.0000E-3,
,,,-6.63000E-3,-108.0000E-3,
,,,-6.62000E-3,-108.0000E-3,
,,,-6.61000E-3,-104.0000E-3,
,,,-6.60000E-3,-108.0000E-3,
,,,-6.59000E-3,-104.0000E-3,
,,,-6.58000E-3,-104.0000E-3,
,,,-6.57000E-3,-104.0000E-3,
,,,-6.56000E-3,-104.0000E-3,
,,,-6.55000E-3,-104.0000E-3,
,,,-6.54000E-3,-104.0000E-3,
,,,-6.53000E-3,-104.0000E-3,
,,,-6.52000E-3,-104.0000E-3,
,,,-6.51000E-3,-104.0000E-3,
,,,-6.50000E-3,-104.0000E-3,
,,,-6.49000E-3,-104.0000E-3,
,,,-6.48000E-3,-104.0000E-3,
,,,-6.47000E-3,-104.0000E-3,
,,,-6.46000E-3,-104.0000E-3,
,,,-6.45000E-3,-99.999994E-3,
,,,-6.44000E-3,-99.999994E-3,
,,,-6.43000E-3,-99.999994E-3,
,,,-6.42000E-3,-99.999994E-3,
,,,-6.41000E-3,-99.999994E-3,
,,,-6.40000E-3,-99.999994E-3,
,,,-6.39000E-3,-99.999994E-3,
,,,-6.38000E-3,-99.999994E-3,
,,,-6.37000E-3,-99.999994E-3,
,,,-6.36000E-3,-99.999994E-3,
,,,-6.35000E-3,-99.999994E-3,
,,,-6.34000E-3,-99.999994E-3,
,,,-6.33000E-3,-99.999994E-3,
,,,-6.32000E-3,-95.999993E-3,
,,,-6.31000E-3,-99.999994E-3,
,,,-6.30000E-3,-95.999993E-3,
,,,-6.29000E-3,-95.999993E-3,
,,,-6.28000E-3,-95.999993E-3,
,,,-6.27000E-3,-95.999993E-3,
,,,-6.26000E-3,-95.999993E-3,
,,,-6.25000E-3,-95.999993E-3,
,,,-6.24000E-3,-95.999993E-3,
,,,-6.23000E-3,-95.999993E-3,
,,,-6.22000E-3,-95.999993E-3,
,,,-6.21000E-3,-91.999993E-3,
,,,-6.20000E-3,-91.999993E-3,
,,,-6.19000E-3,-91.999993E-3,
,,,-6.18000E-3,-91.999993E-3,
,,,-6.17000E-3,-91.999993E-3,
,,,-6.16000E-3,-91.999993E-3,
,,,-6.15000E-3,-91.999993E-3,
,,,-6.14000E-3,-91.999993E-3,
,,,-6.13000E-3,-91.999993E-3,
,,,-6.12000E-3,-91.999993E-3,
,,,-6.11000E-3,-91.999993E-3,
,,,-6.10000E-3,-87.999992E-3,
,,,-6.09000E-3,-87.999992E-3,
,,,-6.08000E-3,-87.999992E-3,
,,,-6.07000E-3,-87.999992E-3,
,,,-6.06000E-3,-87.999992E-3,
,,,-6.05000E-3,-87.999992E-3,
,,,-6.04000E-3,-87.999992E-3,
,,,-6.03000E-3,-87.999992E-3,
,,,-6.02000E-3,-87.999992E-3,
,,,-6.01000E-3,-83.999991E-3,
,,,-6.00000E-3,-83.999991E-3,
,,,-5.99000E-3,-83.999991E-3,
,,,-5.98000E-3,-83.999991E-3,
,,,-5.97000E-3,-83.999991E-3,
,,,-5.96000E-3,-83.999991E-3,
,,,-5.95000E-3,-83.999991E-3,
,,,-5.94000E-3,-83.999991E-3,
,,,-5.93000E-3,-79.999998E-3,
,,,-5.92000E-3,-79.999998E-3,
,,,-5.91000E-3,-79.999998E-3,
,,,-5.90000E-3,-79.999998E-3,
,,,-5.89000E-3,-79.999998E-3,
,,,-5.88000E-3,-79.999998E-3,
,,,-5.87000E-3,-79.999998E-3,
,,,-5.86000E-3,-79.999998E-3,
,,,-5.85000E-3,-79.999998E-3,
,,,-5.84000E-3,-75.999998E-3,
,,,-5.83000E-3,-75.999998E-3,
,,,-5.82000E-3,-75.999998E-3,
,,,-5.81000E-3,-75.999998E-3,
,,,-5.80000E-3,-75.999998E-3,
,,,-5.79000E-3,-75.999998E-3,
,,,-5.78000E-3,-75.999998E-3,
,,,-5.77000E-3,-71.999997E-3,
,,,-5.76000E-3,-71.999997E-3,
,,,-5.75000E-3,-71.999997E-3,
,,,-5.74000E-3,-71.999997E-3,
,,,-5.73000E-3,-71.999997E-3,
,,,-5.72000E-3,-71.999997E-3,
,,,-5.71000E-3,-71.999997E-3,
,,,-5.70000E-3,-71.999997E-3,
,,,-5.69000E-3,-67.999996E-3,
,,,-5.68000E-3,-67.999996E-3,
,,,-5.67000E-3,-67.999996E-3,
,,,-5.66000E-3,-67.999996E-3,
,,,-5.65000E-3,-67.999996E-3,
,,,-5.64000E-3,-67.999996E-3,
,,,-5.63000E-3,-63.999996E-3,
,,,-5.62000E-3,-63.999996E-3,
,,,-5.61000E-3,-63.999996E-3,
,,,-5.60000E-3,-63.999996E-3,
,,,-5.59000E-3,-63.999996E-3,
,,,-5.58000E-3,-63.999996E-3,
,,,-5.57000E-3,-63.999996E-3,
,,,-5.56000E-3,-63.999996E-3,
,,,-5.55000E-3,-59.999995E-3,
,,,-5.54000E-3,-59.999995E-3,
,,,-5.53000E-3,-59.999995E-3,
,,,-5.52000E-3,-59.999995E-3,
,,,-5.51000E-3,-59.999995E-3,
,,,-5.50000E-3,-55.999994E-3,
,,,-5.49000E-3,-55.999994E-3,
,,,-5.48000E-3,-55.999994E-3,
,,,-5.47000E-3,-55.999994E-3,
,,,-5.46000E-3,-55.999994E-3,
,,,-5.45000E-3,-55.999994E-3,
,,,-5.44000E-3,-55.999994E-3,
,,,-5.43000E-3,-52.00000E-3,
,,,-5.42000E-3,-52.00000E-3,
,,,-5.41000E-3,-52.00000E-3,
,,,-5.40000E-3,-52.00000E-3,
,,,-5.39000E-3,-52.00000E-3,
,,,-5.38000E-3,-52.00000E-3,
,,,-5.37000E-3,-52.00000E-3,
,,,-5.36000E-3,-48.00000E-3,
,,,-5.35000E-3,-48.00000E-3,
,,,-5.34000E-3,-48.00000E-3,
,,,-5.33000E-3,-48.00000E-3,
,,,-5.32000E-3,-48.00000E-3,
,,,-5.31000E-3,-44.00000E-3,
,,,-5.30000E-3,-44.00000E-3,
,,,-5.29000E-3,-44.00000E-3,
,,,-5.28000E-3,-44.00000E-3,
,,,-5.27000E-3,-44.00000E-3,
,,,-5.26000E-3,-40.00000E-3,
,,,-5.25000E-3,-40.00000E-3,
,,,-5.24000E-3,-40.00000E-3,
,,,-5.23000E-3,-40.00000E-3,
,,,-5.22000E-3,-40.00000E-3,
,,,-5.21000E-3,-40.00000E-3,
,,,-5.20000E-3,-36.00000E-3,
,,,-5.19000E-3,-36.00000E-3,
,,,-5.18000E-3,-36.00000E-3,
,,,-5.17000E-3,-36.00000E-3,
,,,-5.16000E-3,-36.00000E-3,
,,,-5.15000E-3,-36.00000E-3,
,,,-5.14000E-3,-32.00000E-3,
,,,-5.13000E-3,-32.00000E-3,
,,,-5.12000E-3,-32.00000E-3,
,,,-5.11000E-3,-32.00000E-3,
,,,-5.10000E-3,-32.00000E-3,
,,,-5.09000E-3,-32.00000E-3,
,,,-5.08000E-3,-28.00000E-3,
,,,-5.07000E-3,-28.00000E-3,
,,,-5.06000E-3,-28.00000E-3,
,,,-5.05000E-3,-28.00000E-3,
,,,-5.04000E-3,-28.00000E-3,
,,,-5.03000E-3,-28.00000E-3,
,,,-5.02000E-3,-28.00000E-3,
,,,-5.01000E-3,-24.00000E-3,
,,,-5.00000E-3,-24.00000E-3,
,,,-4.99000E-3,-24.00000E-3,
,,,-4.98000E-3,-24.00000E-3,
,,,-4.97000E-3,-24.00000E-3,
,,,-4.96000E-3,-20.0000E-3,
,,,-4.95000E-3,-20.0000E-3,
,,,-4.94000E-3,-20.0000E-3,
,,,-4.93000E-3,-20.0000E-3,
,,,-4.92000E-3,-20.0000E-3,
,,,-4.91000E-3,-16.0000E-3,
,,,-4.90000E-3,-16.0000E-3,
,,,-4.89000E-3,-16.0000E-3,
,,,-4.88000E-3,-16.0000E-3,
,,,-4.87000E-3,-16.0000E-3,
,,,-4.86000E-3,-16.0000E-3,
,,,-4.85000E-3,-16.0000E-3,
,,,-4.84000E-3,-12.0000E-3,
,,,-4.83000E-3,-12.0000E-3,
,,,-4.82000E-3,-12.0000E-3,
,,,-4.81000E-3,-12.0000E-3,
,,,-4.80000E-3,-7.999999E-3,
,,,-4.79000E-3,-7.999999E-3,
,,,-4.78000E-3,-7.999999E-3,
,,,-4.77000E-3,-7.999999E-3,
,,,-4.76000E-3,-7.999999E-3,
,,,-4.75000E-3,-7.999999E-3,
,,,-4.74000E-3,-4.00000E-3,
,,,-4.73000E-3,-4.00000E-3,
,,,-4.72000E-3,-4.00000E-3,
,,,-4.71000E-3,-4.00000E-3,
,,,-4.70000E-3,-4.00000E-3,
,,,-4.69000E-3,0.0,
,,,-4.68000E-3,0.0,
,,,-4.67000E-3,0.0,
,,,-4.66000E-3,0.0,
,,,-4.65000E-3,0.0,
,,,-4.64000E-3,0.0,
,,,-4.63000E-3,4.00000E-3,
,,,-4.62000E-3,4.00000E-3,
,,,-4.61000E-3,4.00000E-3,
,,,-4.60000E-3,4.00000E-3,
,,,-4.59000E-3,7.999999E-3,
,,,-4.58000E-3,4.00000E-3,
,,,-4.57000E-3,7.999999E-3,
,,,-4.56000E-3,7.999999E-3,
,,,-4.55000E-3,7.999999E-3,
,,,-4.54000E-3,7.999999E-3,
,,,-4.53000E-3,12.0000E-3,
,,,-4.52000E-3,12.0000E-3,
,,,-4.51000E-3,12.0000E-3,
,,,-4.50000E-3,12.0000E-3,
,,,-4.49000E-3,12.0000E-3,
,,,-4.48000E-3,16.0000E-3,
,,,-4.47000E-3,16.0000E-3,
,,,-4.46000E-3,16.0000E-3,
,,,-4.45000E-3,16.0000E-3,
,,,-4.44000E-3,16.0000E-3,
,,,-4.43000E-3,20.0000E-3,
,,,-4.42000E-3,20.0000E-3,
,,,-4.41000E-3,20.0000E-3,
,,,-4.40000E-3,20.0000E-3,
,,,-4.39000E-3,20.0000E-3,
,,,-4.38000E-3,20.0000E-3,
,,,-4.37000E-3,24.00000E-3,
,,,-4.36000E-3,24.00000E-3,
,,,-4.35000E-3,24.00000E-3,
,,,-4.34000E-3,24.00000E-3,
,,,-4.33000E-3,24.00000E-3,
,,,-4.32000E-3,28.00000E-3,
,,,-4.31000E-3,28.00000E-3,
,,,-4.30000E-3,28.00000E-3,
,,,-4.29000E-3,28.00000E-3,
,,,-4.28000E-3,28.00000E-3,
,,,-4.27000E-3,28.00000E-3,
,,,-4.26000E-3,32.00000E-3,
,,,-4.25000E-3,32.00000E-3,
,,,-4.24000E-3,32.00000E-3,
,,,-4.23000E-3,32.00000E-3,
,,,-4.22000E-3,32.00000E-3,
,,,-4.21000E-3,32.00000E-3,
,,,-4.20000E-3,36.00000E-3,
,,,-4.19000E-3,36.00000E-3,
,,,-4.18000E-3,36.00000E-3,
,,,-4.17000E-3,36.00000E-3,
,,,-4.16000E-3,40.00000E-3,
,,,-4.15000E-3,40.00000E-3,
,,,-4.14000E-3,40.00000E-3,
,,,-4.13000E-3,40.00000E-3,
,,,-4.12000E-3,40.00000E-3,
,,,-4.11000E-3,40.00000E-3,
,,,-4.10000E-3,44.00000E-3,
,,,-4.09000E-3,44.00000E-3,
,,,-4.08000E-3,44.00000E-3,
,,,-4.07000E-3,44.00000E-3,
,,,-4.06000E-3,48.00000E-3,
,,,-4.05000E-3,48.00000E-3,
,,,-4.04000E-3,48.00000E-3,
,,,-4.03000E-3,48.00000E-3,
,,,-4.02000E-3,48.00000E-3,
,,,-4.01000E-3,48.00000E-3,
,,,-4.00000E-3,48.00000E-3,
,,,-3.99000E-3,52.00000E-3,
,,,-3.98000E-3,52.00000E-3,
,,,-3.97000E-3,52.00000E-3,
,,,-3.96000E-3,52.00000E-3,
,,,-3.95000E-3,52.00000E-3,
,,,-3.94000E-3,55.999994E-3,
,,,-3.93000E-3,55.999994E-3,
,,,-3.92000E-3,55.999994E-3,
,,,-3.91000E-3,55.999994E-3,
,,,-3.90000E-3,55.999994E-3,
,,,-3.89000E-3,55.999994E-3,
,,,-3.88000E-3,59.999995E-3,
,,,-3.87000E-3,59.999995E-3,
,,,-3.86000E-3,59.999995E-3,
,,,-3.85000E-3,59.999995E-3,
,,,-3.84000E-3,59.999995E-3,
,,,-3.83000E-3,59.999995E-3,
,,,-3.82000E-3,63.999996E-3,
,,,-3.81000E-3,63.999996E-3,
,,,-3.80000E-3,63.999996E-3,
,,,-3.79000E-3,63.999996E-3,
,,,-3.78000E-3,63.999996E-3,
,,,-3.77000E-3,67.999996E-3,
,,,-3.76000E-3,67.999996E-3,
,,,-3.75000E-3,67.999996E-3,
,,,-3.74000E-3,67.999996E-3,
,,,-3.73000E-3,67.999996E-3,
,,,-3.72000E-3,67.999996E-3,
,,,-3.71000E-3,67.999996E-3,
,,,-3.70000E-3,71.999997E-3,
,,,-3.69000E-3,71.999997E-3,
,,,-3.68000E-3,71.999997E-3,
,,,-3.67000E-3,71.999997E-3,
,,,-3.66000E-3,71.999997E-3,
,,,-3.65000E-3,71.999997E-3,
,,,-3.64000E-3,71.999997E-3,
,,,-3.63000E-3,75.999998E-3,
,,,-3.62000E-3,75.999998E-3,
,,,-3.61000E-3,75.999998E-3,
,,,-3.60000E-3,75.999998E-3,
,,,-3.59000E-3,75.999998E-3,
,,,-3.58000E-3,75.999998E-3,
,,,-3.57000E-3,75.999998E-3,
,,,-3.56000E-3,79.999998E-3,
,,,-3.55000E-3,79.999998E-3,
,,,-3.54000E-3,79.999998E-3,
,,,-3.53000E-3,79.999998E-3,
,,,-3.52000E-3,83.999991E-3,
,,,-3.51000E-3,83.999991E-3,
,,,-3.50000E-3,83.999991E-3,
,,,-3.49000E-3,83.999991E-3,
,,,-3.48000E-3,83.999991E-3,
,,,-3.47000E-3,83.999991E-3,
,,,-3.46000E-3,83.999991E-3,
,,,-3.45000E-3,87.999992E-3,
,,,-3.44000E-3,87.999992E-3,
,,,-3.43000E-3,87.999992E-3,
,,,-3.42000E-3,87.999992E-3,
,,,-3.41000E-3,87.999992E-3,
,,,-3.40000E-3,87.999992E-3,
,,,-3.39000E-3,87.999992E-3,
,,,-3.38000E-3,87.999992E-3,
,,,-3.37000E-3,91.999993E-3,
,,,-3.36000E-3,91.999993E-3,
,,,-3.35000E-3,91.999993E-3,
,,,-3.34000E-3,91.999993E-3,
,,,-3.33000E-3,91.999993E-3,
,,,-3.32000E-3,91.999993E-3,
,,,-3.31000E-3,91.999993E-3,
,,,-3.30000E-3,91.999993E-3,
,,,-3.29000E-3,95.999993E-3,
,,,-3.28000E-3,95.999993E-3,
,,,-3.27000E-3,95.999993E-3,
,,,-3.26000E-3,95.999993E-3,
,,,-3.25000E-3,95.999993E-3,
,,,-3.24000E-3,95.999993E-3,
,,,-3.23000E-3,95.999993E-3,
,,,-3.22000E-3,95.999993E-3,
,,,-3.21000E-3,99.999994E-3,
,,,-3.20000E-3,99.999994E-3,
,,,-3.19000E-3,99.999994E-3,
,,,-3.18000E-3,99.999994E-3,
,,,-3.17000E-3,99.999994E-3,
,,,-3.16000E-3,99.999994E-3,
,,,-3.15000E-3,104.0000E-3,
,,,-3.14000E-3,104.0000E-3,
,,,-3.13000E-3,104.0000E-3,
,,,-3.12000E-3,104.0000E-3,
,,,-3.11000E-3,104.0000E-3,
,,,-3.10000E-3,104.0000E-3,
,,,-3.09000E-3,104.0000E-3,
,,,-3.08000E-3,104.0000E-3,
,,,-3.07000E-3,104.0000E-3,
,,,-3.06000E-3,108.0000E-3,
,,,-3.05000E-3,108.0000E-3,
,,,-3.04000E-3,108.0000E-3,
,,,-3.03000E-3,108.0000E-3,
,,,-3.02000E-3,108.0000E-3,
,,,-3.01000E-3,108.0000E-3,
,,,-3.00000E-3,108.0000E-3,
,,,-2.99000E-3,108.0000E-3,
,,,-2.98000E-3,108.0000E-3,
,,,-2.97000E-3,112.0000E-3,
,,,-2.96000E-3,112.0000E-3,
,,,-2.95000E-3,112.0000E-3,
,,,-2.94000E-3,112.0000E-3,
,,,-2.93000E-3,112.0000E-3,
,,,-2.92000E-3,112.0000E-3,
,,,-2.91000E-3,112.0000E-3,
,,,-2.90000E-3,112.0000E-3,
,,,-2.89000E-3,112.0000E-3,
,,,-2.88000E-3,112.0000E-3,
,,,-2.87000E-3,116.0000E-3,
,,,-2.86000E-3,112.0000E-3,
,,,-2.85000E-3,116.0000E-3,
,,,-2.84000E-3,116.0000E-3,
,,,-2.83000E-3,116.0000E-3,
,,,-2.82000E-3,116.0000E-3,
,,,-2.81000E-3,116.0000E-3,
,,,-2.80000E-3,116.0000E-3,
,,,-2.79000E-3,116.0000E-3,
,,,-2.78000E-3,116.0000E-3,
,,,-2.77000E-3,116.0000E-3,
,,,-2.76000E-3,116.0000E-3,
,,,-2.75000E-3,120.0000E-3,
,,,-2.74000E-3,116.0000E-3,
,,,-2.73000E-3,120.0000E-3,
,,,-2.72000E-3,120.0000E-3,
,,,-2.7100E-3,120.0000E-3,
,,,-2.7000E-3,120.0000E-3,
,,,-2.6900E-3,120.0000E-3,
,,,-2.6800E-3,120.0000E-3,
,,,-2.6700E-3,120.0000E-3,
,,,-2.6600E-3,120.0000E-3,
,,,-2.6500E-3,120.0000E-3,
,,,-2.6400E-3,120.0000E-3,
,,,-2.6300E-3,124.0000E-3,
,,,-2.6200E-3,124.0000E-3,
,,,-2.6100E-3,124.0000E-3,
,,,-2.6000E-3,124.0000E-3,
,,,-2.5900E-3,124.0000E-3,
,,,-2.5800E-3,124.0000E-3,
,,,-2.5700E-3,124.0000E-3,
,,,-2.5600E-3,124.0000E-3,
,,,-2.5500E-3,124.0000E-3,
,,,-2.5400E-3,124.0000E-3,
,,,-2.5300E-3,124.0000E-3,
,,,-2.5200E-3,124.0000E-3,
,,,-2.5100E-3,124.0000E-3,
,,,-2.5000E-3,124.0000E-3,
,,,-2.4900E-3,124.0000E-3,
,,,-2.4800E-3,124.0000E-3,
,,,-2.4700E-3,124.0000E-3,
,,,-2.4600E-3,124.0000E-3,
,,,-2.4500E-3,128.0000E-3,
,,,-2.4400E-3,128.0000E-3,
,,,-2.4300E-3,128.0000E-3,
,,,-2.4200E-3,124.0000E-3,
,,,-2.4100E-3,128.0000E-3,
,,,-2.4000E-3,128.0000E-3,
,,,-2.3900E-3,128.0000E-3,
,,,-2.3800E-3,128.0000E-3,
,,,-2.3700E-3,128.0000E-3,
,,,-2.3600E-3,128.0000E-3,
,,,-2.3500E-3,128.0000E-3,
,,,-2.3400E-3,128.0000E-3,
,,,-2.3300E-3,128.0000E-3,
,,,-2.3200E-3,128.0000E-3,
,,,-2.3100E-3,128.0000E-3,
,,,-2.3000E-3,128.0000E-3,
,,,-2.2900E-3,128.0000E-3,
,,,-2.2800E-3,128.0000E-3,
,,,-2.2700E-3,128.0000E-3,
,,,-2.2600E-3,128.0000E-3,
,,,-2.2500E-3,128.0000E-3,
,,,-2.2400E-3,128.0000E-3,
,,,-2.2300E-3,128.0000E-3,
,,,-2.2200E-3,128.0000E-3,
,,,-2.2100E-3,128.0000E-3,
,,,-2.2000E-3,128.0000E-3,
,,,-2.1900E-3,128.0000E-3,
,,,-2.1800E-3,128.0000E-3,
,,,-2.1700E-3,128.0000E-3,
,,,-2.1600E-3,128.0000E-3,
,,,-2.1500E-3,128.0000E-3,
,,,-2.1400E-3,128.0000E-3,
,,,-2.1300E-3,128.0000E-3,
,,,-2.1200E-3,132.0000E-3,
,,,-2.1100E-3,128.0000E-3,
,,,-2.1000E-3,128.0000E-3,
,,,-2.0900E-3,128.0000E-3,
,,,-2.0800E-3,132.0000E-3,
,,,-2.0700E-3,132.0000E-3,
,,,-2.0600E-3,128.0000E-3,
,,,-2.0500E-3,132.0000E-3,
,,,-2.0400E-3,128.0000E-3,
,,,-2.0300E-3,128.0000E-3,
,,,-2.0200E-3,128.0000E-3,
,,,-2.0100E-3,128.0000E-3,
,,,-2.0000E-3,128.0000E-3,
,,,-1.9900E-3,128.0000E-3,
,,,-1.9800E-3,128.0000E-3,
,,,-1.9700E-3,128.0000E-3,
,,,-1.9600E-3,128.0000E-3,
,,,-1.9500E-3,128.0000E-3,
,,,-1.9400E-3,128.0000E-3,
,,,-1.9300E-3,132.0000E-3,
,,,-1.9200E-3,128.0000E-3,
,,,-1.9100E-3,128.0000E-3,
,,,-1.9000E-3,128.0000E-3,
,,,-1.8900E-3,128.0000E-3,
,,,-1.8800E-3,128.0000E-3,
,,,-1.8700E-3,128.0000E-3,
,,,-1.8600E-3,128.0000E-3,
,,,-1.8500E-3,128.0000E-3,
,,,-1.8400E-3,128.0000E-3,
,,,-1.8300E-3,128.0000E-3,
,,,-1.8200E-3,128.0000E-3,
,,,-1.8100E-3,128.0000E-3,
,,,-1.8000E-3,128.0000E-3,
,,,-1.7900E-3,128.0000E-3,
,,,-1.7800E-3,128.0000E-3,
,,,-1.7700E-3,128.0000E-3,
,,,-1.7600E-3,128.0000E-3,
,,,-1.7500E-3,128.0000E-3,
,,,-1.7400E-3,128.0000E-3,
,,,-1.7300E-3,128.0000E-3,
,,,-1.7200E-3,128.0000E-3,
,,,-1.7100E-3,128.0000E-3,
,,,-1.7000E-3,128.0000E-3,
,,,-1.6900E-3,128.0000E-3,
,,,-1.6800E-3,128.0000E-3,
,,,-1.6700E-3,124.0000E-3,
,,,-1.6600E-3,128.0000E-3,
,,,-1.6500E-3,124.0000E-3,
,,,-1.6400E-3,124.0000E-3,
,,,-1.6300E-3,124.0000E-3,
,,,-1.6200E-3,124.0000E-3,
,,,-1.6100E-3,124.0000E-3,
,,,-1.6000E-3,124.0000E-3,
,,,-1.5900E-3,124.0000E-3,
,,,-1.5800E-3,124.0000E-3,
,,,-1.5700E-3,124.0000E-3,
,,,-1.5600E-3,124.0000E-3,
,,,-1.5500E-3,124.0000E-3,
,,,-1.5400E-3,124.0000E-3,
,,,-1.5300E-3,124.0000E-3,
,,,-1.5200E-3,124.0000E-3,
,,,-1.5100E-3,120.0000E-3,
,,,-1.5000E-3,120.0000E-3,
,,,-1.4900E-3,120.0000E-3,
,,,-1.4800E-3,120.0000E-3,
,,,-1.4700E-3,120.0000E-3,
,,,-1.4600E-3,120.0000E-3,
,,,-1.4500E-3,120.0000E-3,
,,,-1.4400E-3,120.0000E-3,
,,,-1.4300E-3,120.0000E-3,
,,,-1.4200E-3,120.0000E-3,
,,,-1.4100E-3,120.0000E-3,
,,,-1.4000E-3,120.0000E-3,
,,,-1.3900E-3,120.0000E-3,
,,,-1.3800E-3,116.0000E-3,
,,,-1.3700E-3,116.0000E-3,
,,,-1.3600E-3,116.0000E-3,
,,,-1.3500E-3,116.0000E-3,
,,,-1.3400E-3,116.0000E-3,
,,,-1.3300E-3,116.0000E-3,
,,,-1.3200E-3,116.0000E-3,
,,,-1.3100E-3,116.0000E-3,
,,,-1.3000E-3,116.0000E-3,
,,,-1.2900E-3,116.0000E-3,
,,,-1.2800E-3,116.0000E-3,
,,,-1.2700E-3,116.0000E-3,
,,,-1.2600E-3,112.0000E-3,
,,,-1.2500E-3,112.0000E-3,
,,,-1.2400E-3,112.0000E-3,
,,,-1.2300E-3,112.0000E-3,
,,,-1.2200E-3,112.0000E-3,
,,,-1.2100E-3,112.0000E-3,
,,,-1.2000E-3,112.0000E-3,
,,,-1.1900E-3,112.0000E-3,
,,,-1.1800E-3,112.0000E-3,
,,,-1.1700E-3,112.0000E-3,
,,,-1.1600E-3,108.0000E-3,
,,,-1.1500E-3,108.0000E-3,
,,,-1.1400E-3,108.0000E-3,
,,,-1.1300E-3,108.0000E-3,
,,,-1.1200E-3,108.0000E-3,
,,,-1.1100E-3,108.0000E-3,
,,,-1.1000E-3,108.0000E-3,
,,,-1.0900E-3,108.0000E-3,
,,,-1.0800E-3,108.0000E-3,
,,,-1.0700E-3,104.0000E-3,
,,,-1.0600E-3,104.0000E-3,
,,,-1.0500E-3,104.0000E-3,
,,,-1.0400E-3,104.0000E-3,
,,,-1.0300E-3,104.0000E-3,
,,,-1.0200E-3,104.0000E-3,
,,,-1.0100E-3,104.0000E-3,
,,,-1.0000E-3,104.0000E-3,
,,,-990.001136E-6,104.0000E-3,
,,,-980.001059E-6,99.999994E-3,
,,,-970.001100E-6,99.999994E-3,
,,,-960.001082E-6,104.0000E-3,
,,,-950.001064E-6,99.999994E-3,
,,,-940.001104E-6,99.999994E-3,
,,,-930.001086E-6,99.999994E-3,
,,,-920.001068E-6,99.999994E-3,
,,,-910.001108E-6,99.999994E-3,
,,,-900.001090E-6,95.999993E-3,
,,,-890.001073E-6,95.999993E-3,
,,,-880.001113E-6,95.999993E-3,
,,,-870.001095E-6,95.999993E-3,
,,,-860.001077E-6,95.999993E-3,
,,,-850.001059E-6,95.999993E-3,
,,,-840.001099E-6,95.999993E-3,
,,,-830.001081E-6,91.999993E-3,
,,,-820.001063E-6,91.999993E-3,
,,,-810.001104E-6,91.999993E-3,
,,,-800.001086E-6,91.999993E-3,
,,,-790.001068E-6,91.999993E-3,
,,,-780.001108E-6,91.999993E-3,
,,,-770.001090E-6,87.999992E-3,
,,,-760.001072E-6,87.999992E-3,
,,,-750.001112E-6,87.999992E-3,
,,,-740.001095E-6,87.999992E-3,
,,,-730.001077E-6,87.999992E-3,
,,,-720.001059E-6,87.999992E-3,
,,,-710.001099E-6,87.999992E-3,
,,,-700.001081E-6,87.999992E-3,
,,,-690.001063E-6,83.999991E-3,
,,,-680.001103E-6,83.999991E-3,
,,,-670.001085E-6,83.999991E-3,
,,,-660.001067E-6,83.999991E-3,
,,,-650.001108E-6,83.999991E-3,
,,,-640.001090E-6,83.999991E-3,
,,,-630.001072E-6,79.999998E-3,
,,,-620.001112E-6,79.999998E-3,
,,,-610.001094E-6,79.999998E-3,
,,,-600.001076E-6,79.999998E-3,
,,,-590.001117E-6,79.999998E-3,
,,,-580.001099E-6,75.999998E-3,
,,,-570.001081E-6,75.999998E-3,
,,,-560.001121E-6,75.999998E-3,
,,,-550.001103E-6,75.999998E-3,
,,,-540.001085E-6,75.999998E-3,
,,,-530.001067E-6,75.999998E-3,
,,,-520.001107E-6,75.999998E-3,
,,,-510.001089E-6,71.999997E-3,
,,,-500.001071E-6,71.999997E-3,
,,,-490.001112E-6,71.999997E-3,
,,,-480.001094E-6,71.999997E-3,
,,,-470.001105E-6,71.999997E-3,
,,,-460.001087E-6,71.999997E-3,
,,,-450.001098E-6,71.999997E-3,
,,,-440.001080E-6,67.999996E-3,
,,,-430.001091E-6,67.999996E-3,
,,,-420.001103E-6,67.999996E-3,
,,,-410.001085E-6,67.999996E-3,
,,,-400.00110E-6,63.999996E-3,
,,,-390.00111E-6,63.999996E-3,
,,,-380.00109E-6,63.999996E-3,
,,,-370.00110E-6,63.999996E-3,
,,,-360.00111E-6,63.999996E-3,
,,,-350.00109E-6,63.999996E-3,
,,,-340.00110E-6,63.999996E-3,
,,,-330.00109E-6,59.999995E-3,
,,,-320.00110E-6,59.999995E-3,
,,,-310.00111E-6,59.999995E-3,
,,,-300.00109E-6,59.999995E-3,
,,,-290.00110E-6,59.999995E-3,
,,,-280.00108E-6,59.999995E-3,
,,,-270.00110E-6,55.999994E-3,
,,,-260.00111E-6,55.999994E-3,
,,,-250.00109E-6,55.999994E-3,
,,,-240.00110E-6,55.999994E-3,
,,,-230.00110E-6,55.999994E-3,
,,,-220.00109E-6,52.00000E-3,
,,,-210.00110E-6,52.00000E-3,
,,,-200.00110E-6,52.00000E-3,
,,,-190.00110E-6,52.00000E-3,
,,,-180.00111E-6,52.00000E-3,
,,,-170.00111E-6,48.00000E-3,
,,,-160.00110E-6,48.00000E-3,
,,,-150.00110E-6,48.00000E-3,
,,,-140.0011E-6,48.00000E-3,
,,,-130.0011E-6,48.00000E-3,
,,,-120.0011E-6,44.00000E-3,
,,,-110.0011E-6,44.00000E-3,
,,,-100.0011E-6,44.00000E-3,
,,,-90.001107E-6,44.00000E-3,
,,,-80.001104E-6,44.00000E-3,
,,,-70.001101E-6,40.00000E-3,
,,,-60.001104E-6,40.00000E-3,
,,,-50.00110E-6,40.00000E-3,
,,,-40.00110E-6,40.00000E-3,
,,,-30.00111E-6,40.00000E-3,
,,,-20.0011E-6,36.00000E-3,
,,,-10.0011E-6,36.00000E-3,
,,,-1.1059E-9,32.00000E-3,
,,,9.998894E-6,32.00000E-3,
,,,19.9989E-6,32.00000E-3,
,,,29.99889E-6,32.00000E-3,
,,,39.99889E-6,32.00000E-3,
,,,49.99889E-6,32.00000E-3,
,,,59.998893E-6,32.00000E-3,
,,,69.998889E-6,32.00000E-3,
,,,79.998892E-6,28.00000E-3,
,,,89.998895E-6,28.00000E-3,
,,,99.998892E-6,28.00000E-3,
,,,109.9989E-6,28.00000E-3,
,,,119.9989E-6,28.00000E-3,
,,,129.9989E-6,28.00000E-3,
,,,139.9989E-6,24.00000E-3,
,,,149.99889E-6,24.00000E-3,
,,,159.99889E-6,24.00000E-3,
,,,169.99889E-6,24.00000E-3,
,,,179.99890E-6,24.00000E-3,
,,,189.99889E-6,20.0000E-3,
,,,199.99889E-6,20.0000E-3,
,,,209.99889E-6,20.0000E-3,
,,,219.99888E-6,20.0000E-3,
,,,229.99888E-6,20.0000E-3,
,,,239.99889E-6,16.0000E-3,
,,,249.99888E-6,16.0000E-3,
,,,259.99889E-6,16.0000E-3,
,,,269.99888E-6,16.0000E-3,
,,,279.99887E-6,16.0000E-3,
,,,289.99889E-6,16.0000E-3,
,,,299.99888E-6,12.0000E-3,
,,,309.99890E-6,12.0000E-3,
,,,319.99889E-6,12.0000E-3,
,,,329.99887E-6,7.999999E-3,
,,,339.99889E-6,7.999999E-3,
,,,349.99888E-6,7.999999E-3,
,,,359.99890E-6,7.999999E-3,
,,,369.99889E-6,7.999999E-3,
,,,379.99888E-6,4.00000E-3,
,,,389.99890E-6,4.00000E-3,
,,,399.99888E-6,4.00000E-3,
,,,409.998873E-6,4.00000E-3,
,,,419.998891E-6,4.00000E-3,
,,,429.998880E-6,4.00000E-3,
,,,439.998868E-6,0.0,
,,,449.998886E-6,0.0,
,,,459.998875E-6,0.0,
,,,469.998893E-6,0.0,
,,,479.998882E-6,0.0,
,,,489.998900E-6,-4.00000E-3,
,,,499.998860E-6,-4.00000E-3,
,,,509.998878E-6,-4.00000E-3,
,,,519.998895E-6,-4.00000E-3,
,,,529.998855E-6,-4.00000E-3,
,,,539.998873E-6,-7.999999E-3,
,,,549.998891E-6,-7.999999E-3,
,,,559.998909E-6,-7.999999E-3,
,,,569.998869E-6,-7.999999E-3,
,,,579.998887E-6,-7.999999E-3,
,,,589.998905E-6,-12.0000E-3,
,,,599.998864E-6,-12.0000E-3,
,,,609.998882E-6,-12.0000E-3,
,,,619.998900E-6,-12.0000E-3,
,,,629.998860E-6,-12.0000E-3,
,,,639.998878E-6,-16.0000E-3,
,,,649.998896E-6,-16.0000E-3,
,,,659.998856E-6,-16.0000E-3,
,,,669.998873E-6,-16.0000E-3,
,,,679.998891E-6,-16.0000E-3,
,,,689.998851E-6,-16.0000E-3,
,,,699.998869E-6,-20.0000E-3,
,,,709.998887E-6,-20.0000E-3,
,,,719.998847E-6,-20.0000E-3,
,,,729.998865E-6,-20.0000E-3,
,,,739.998883E-6,-24.00000E-3,
,,,749.998901E-6,-24.00000E-3,
,,,759.998860E-6,-24.00000E-3,
,,,769.998878E-6,-24.00000E-3,
,,,779.998896E-6,-24.00000E-3,
,,,789.998856E-6,-28.00000E-3,
,,,799.998874E-6,-28.00000E-3,
,,,809.998892E-6,-28.00000E-3,
,,,819.998852E-6,-28.00000E-3,
,,,829.998869E-6,-28.00000E-3,
,,,839.998887E-6,-28.00000E-3,
,,,849.998847E-6,-32.00000E-3,
,,,859.998865E-6,-32.00000E-3,
,,,869.998883E-6,-32.00000E-3,
,,,879.998901E-6,-32.00000E-3,
,,,889.998861E-6,-32.00000E-3,
,,,899.998879E-6,-36.00000E-3,
,,,909.998897E-6,-36.00000E-3,
,,,919.998856E-6,-36.00000E-3,
,,,929.998874E-6,-36.00000E-3,
,,,939.998892E-6,-36.00000E-3,
,,,949.998852E-6,-36.00000E-3,
,,,959.998870E-6,-40.00000E-3,
,,,969.998888E-6,-40.00000E-3,
,,,979.998847E-6,-40.00000E-3,
,,,989.998924E-6,-40.00000E-3,
,,,1.000E-3,-40.00000E-3,
,,,1.0100E-3,-44.00000E-3,
,,,1.0200E-3,-44.00000E-3,
,,,1.0300E-3,-44.00000E-3,
,,,1.0400E-3,-44.00000E-3,
,,,1.0500E-3,-44.00000E-3,
,,,1.0600E-3,-44.00000E-3,
,,,1.0700E-3,-44.00000E-3,
,,,1.0800E-3,-48.00000E-3,
,,,1.0900E-3,-48.00000E-3,
,,,1.1000E-3,-48.00000E-3,
,,,1.1100E-3,-48.00000E-3,
,,,1.1200E-3,-52.00000E-3,
,,,1.1300E-3,-48.00000E-3,
,,,1.1400E-3,-52.00000E-3,
,,,1.1500E-3,-52.00000E-3,
,,,1.1600E-3,-52.00000E-3,
,,,1.1700E-3,-52.00000E-3,
,,,1.1800E-3,-55.999994E-3,
,,,1.1900E-3,-55.999994E-3,
,,,1.2000E-3,-55.999994E-3,
,,,1.2100E-3,-55.999994E-3,
,,,1.2200E-3,-55.999994E-3,
,,,1.2300E-3,-55.999994E-3,
,,,1.2400E-3,-55.999994E-3,
,,,1.2500E-3,-59.999995E-3,
,,,1.2600E-3,-59.999995E-3,
,,,1.2700E-3,-59.999995E-3,
,,,1.2800E-3,-59.999995E-3,
,,,1.2900E-3,-59.999995E-3,
,,,1.3000E-3,-63.999996E-3,
,,,1.3100E-3,-63.999996E-3,
,,,1.3200E-3,-63.999996E-3,
,,,1.3300E-3,-63.999996E-3,
,,,1.3400E-3,-63.999996E-3,
,,,1.3500E-3,-63.999996E-3,
,,,1.3600E-3,-67.999996E-3,
,,,1.3700E-3,-67.999996E-3,
,,,1.3800E-3,-67.999996E-3,
,,,1.3900E-3,-67.999996E-3,
,,,1.4000E-3,-67.999996E-3,
,,,1.4100E-3,-67.999996E-3,
,,,1.4200E-3,-71.999997E-3,
,,,1.4300E-3,-71.999997E-3,
,,,1.4400E-3,-71.999997E-3,
,,,1.4500E-3,-71.999997E-3,
,,,1.4600E-3,-71.999997E-3,
,,,1.4700E-3,-71.999997E-3,
,,,1.4800E-3,-71.999997E-3,
,,,1.4900E-3,-75.999998E-3,
,,,1.5000E-3,-75.999998E-3,
,,,1.5100E-3,-75.999998E-3,
,,,1.5200E-3,-75.999998E-3,
,,,1.5300E-3,-75.999998E-3,
,,,1.5400E-3,-75.999998E-3,
,,,1.5500E-3,-79.999998E-3,
,,,1.5600E-3,-79.999998E-3,
,,,1.5700E-3,-79.999998E-3,
,,,1.5800E-3,-79.999998E-3,
,,,1.5900E-3,-79.999998E-3,
,,,1.6000E-3,-79.999998E-3,
,,,1.6100E-3,-83.999991E-3,
,,,1.6200E-3,-83.999991E-3,
,,,1.6300E-3,-83.999991E-3,
,,,1.6400E-3,-83.999991E-3,
,,,1.6500E-3,-83.999991E-3,
,,,1.6600E-3,-83.999991E-3,
,,,1.6700E-3,-83.999991E-3,
,,,1.6800E-3,-83.999991E-3,
,,,1.6900E-3,-83.999991E-3,
,,,1.7000E-3,-87.999992E-3,
,,,1.7100E-3,-87.999992E-3,
,,,1.7200E-3,-87.999992E-3,
,,,1.7300E-3,-87.999992E-3,
,,,1.7400E-3,-87.999992E-3,
,,,1.7500E-3,-87.999992E-3,
,,,1.7600E-3,-87.999992E-3,
,,,1.7700E-3,-91.999993E-3,
,,,1.7800E-3,-91.999993E-3,
,,,1.7900E-3,-91.999993E-3,
,,,1.8000E-3,-91.999993E-3,
,,,1.8100E-3,-91.999993E-3,
,,,1.8200E-3,-91.999993E-3,
,,,1.8300E-3,-91.999993E-3,
,,,1.8400E-3,-95.999993E-3,
,,,1.8500E-3,-95.999993E-3,
,,,1.8600E-3,-95.999993E-3,
,,,1.8700E-3,-95.999993E-3,
,,,1.8800E-3,-95.999993E-3,
,,,1.8900E-3,-95.999993E-3,
,,,1.9000E-3,-95.999993E-3,
,,,1.9100E-3,-95.999993E-3,
,,,1.9200E-3,-95.999993E-3,
,,,1.9300E-3,-95.999993E-3,
,,,1.9400E-3,-99.999994E-3,
,,,1.9500E-3,-99.999994E-3,
,,,1.9600E-3,-99.999994E-3,
,,,1.9700E-3,-99.999994E-3,
,,,1.9800E-3,-99.999994E-3,
,,,1.9900E-3,-99.999994E-3,
,,,2.0000E-3,-99.999994E-3,
,,,2.0100E-3,-99.999994E-3,
,,,2.0200E-3,-104.0000E-3,
,,,2.0300E-3,-104.0000E-3,
,,,2.0400E-3,-104.0000E-3,
,,,2.0500E-3,-104.0000E-3,
,,,2.0600E-3,-104.0000E-3,
,,,2.0700E-3,-104.0000E-3,
,,,2.0800E-3,-104.0000E-3,
,,,2.0900E-3,-104.0000E-3,
,,,2.1000E-3,-104.0000E-3,
,,,2.1100E-3,-104.0000E-3,
,,,2.1200E-3,-108.0000E-3,
,,,2.1300E-3,-104.0000E-3,
,,,2.1400E-3,-108.0000E-3,
,,,2.1500E-3,-108.0000E-3,
,,,2.1600E-3,-108.0000E-3,
,,,2.1700E-3,-108.0000E-3,
,,,2.1800E-3,-108.0000E-3,
,,,2.1900E-3,-108.0000E-3,
,,,2.2000E-3,-108.0000E-3,
,,,2.2100E-3,-108.0000E-3,
,,,2.2200E-3,-108.0000E-3,
,,,2.2300E-3,-112.0000E-3,
,,,2.2400E-3,-112.0000E-3,
,,,2.2500E-3,-112.0000E-3,
,,,2.2600E-3,-112.0000E-3,
,,,2.2700E-3,-112.0000E-3,
,,,2.2800E-3,-112.0000E-3,
,,,2.2900E-3,-112.0000E-3,
,,,2.3000E-3,-112.0000E-3,
,,,2.3100E-3,-112.0000E-3,
,,,2.3200E-3,-112.0000E-3,
,,,2.3300E-3,-112.0000E-3,
,,,2.3400E-3,-112.0000E-3,
,,,2.3500E-3,-112.0000E-3,
,,,2.3600E-3,-116.0000E-3,
,,,2.3700E-3,-116.0000E-3,
,,,2.3800E-3,-116.0000E-3,
,,,2.3900E-3,-116.0000E-3,
,,,2.4000E-3,-116.0000E-3,
,,,2.4100E-3,-116.0000E-3,
,,,2.4200E-3,-116.0000E-3,
,,,2.4300E-3,-116.0000E-3,
,,,2.4400E-3,-116.0000E-3,
,,,2.4500E-3,-116.0000E-3,
,,,2.4600E-3,-116.0000E-3,
,,,2.4700E-3,-116.0000E-3,
,,,2.4800E-3,-116.0000E-3,
,,,2.4900E-3,-116.0000E-3,
,,,2.5000E-3,-116.0000E-3,
,,,2.5100E-3,-116.0000E-3,
,,,2.5200E-3,-116.0000E-3,
,,,2.5300E-3,-116.0000E-3,
,,,2.5400E-3,-116.0000E-3,
,,,2.5500E-3,-120.0000E-3,
,,,2.5600E-3,-120.0000E-3,
,,,2.5700E-3,-120.0000E-3,
,,,2.5800E-3,-120.0000E-3,
,,,2.5900E-3,-120.0000E-3,
,,,2.6000E-3,-120.0000E-3,
,,,2.6100E-3,-120.0000E-3,
,,,2.6200E-3,-120.0000E-3,
,,,2.6300E-3,-120.0000E-3,
,,,2.6400E-3,-120.0000E-3,
,,,2.6500E-3,-120.0000E-3,
,,,2.6600E-3,-120.0000E-3,
,,,2.6700E-3,-120.0000E-3,
,,,2.6800E-3,-120.0000E-3,
,,,2.6900E-3,-120.0000E-3,
,,,2.7000E-3,-120.0000E-3,
,,,2.7100E-3,-120.0000E-3,
,,,2.72000E-3,-120.0000E-3,
,,,2.73000E-3,-120.0000E-3,
,,,2.74000E-3,-120.0000E-3,
,,,2.75000E-3,-120.0000E-3,
,,,2.76000E-3,-120.0000E-3,
,,,2.77000E-3,-120.0000E-3,
,,,2.78000E-3,-120.0000E-3,
,,,2.79000E-3,-120.0000E-3,
,,,2.80000E-3,-120.0000E-3,
,,,2.81000E-3,-120.0000E-3,
,,,2.82000E-3,-120.0000E-3,
,,,2.83000E-3,-120.0000E-3,
,,,2.84000E-3,-120.0000E-3,
,,,2.85000E-3,-120.0000E-3,
,,,2.86000E-3,-120.0000E-3,
,,,2.87000E-3,-124.0000E-3,
,,,2.88000E-3,-124.0000E-3,
,,,2.89000E-3,-124.0000E-3,
,,,2.90000E-3,-124.0000E-3,
,,,2.91000E-3,-124.0000E-3,
,,,2.92000E-3,-124.0000E-3,
,,,2.93000E-3,-120.0000E-3,
,,,2.94000E-3,-120.0000E-3,
,,,2.95000E-3,-120.0000E-3,
,,,2.96000E-3,-120.0000E-3,
,,,2.97000E-3,-120.0000E-3,
,,,2.98000E-3,-120.0000E-3,
,,,2.99000E-3,-120.0000E-3,
,,,3.00000E-3,-120.0000E-3,
,,,3.01000E-3,-124.0000E-3,
,,,3.02000E-3,-120.0000E-3,
,,,3.03000E-3,-120.0000E-3,
,,,3.04000E-3,-120.0000E-3,
,,,3.05000E-3,-120.0000E-3,
,,,3.06000E-3,-120.0000E-3,
,,,3.07000E-3,-120.0000E-3,
,,,3.08000E-3,-120.0000E-3,
,,,3.09000E-3,-120.0000E-3,
,,,3.10000E-3,-120.0000E-3,
,,,3.11000E-3,-120.0000E-3,
,,,3.12000E-3,-120.0000E-3,
,,,3.13000E-3,-120.0000E-3,
,,,3.14000E-3,-120.0000E-3,
,,,3.15000E-3,-120.0000E-3,
,,,3.16000E-3,-120.0000E-3,
,,,3.17000E-3,-120.0000E-3,
,,,3.18000E-3,-120.0000E-3,
,,,3.19000E-3,-120.0000E-3,
,,,3.20000E-3,-120.0000E-3,
,,,3.21000E-3,-120.0000E-3,
,,,3.22000E-3,-120.0000E-3,
,,,3.23000E-3,-120.0000E-3,
,,,3.24000E-3,-120.0000E-3,
,,,3.25000E-3,-120.0000E-3,
,,,3.26000E-3,-120.0000E-3,
,,,3.27000E-3,-120.0000E-3,
,,,3.28000E-3,-120.0000E-3,
,,,3.29000E-3,-120.0000E-3,
,,,3.30000E-3,-120.0000E-3,
,,,3.31000E-3,-120.0000E-3,
,,,3.32000E-3,-120.0000E-3,
,,,3.33000E-3,-120.0000E-3,
,,,3.34000E-3,-120.0000E-3,
,,,3.35000E-3,-120.0000E-3,
,,,3.36000E-3,-120.0000E-3,
,,,3.37000E-3,-120.0000E-3,
,,,3.38000E-3,-120.0000E-3,
,,,3.39000E-3,-116.0000E-3,
,,,3.40000E-3,-116.0000E-3,
,,,3.41000E-3,-116.0000E-3,
,,,3.42000E-3,-116.0000E-3,
,,,3.43000E-3,-116.0000E-3,
,,,3.44000E-3,-116.0000E-3,
,,,3.45000E-3,-116.0000E-3,
,,,3.46000E-3,-116.0000E-3,
,,,3.47000E-3,-116.0000E-3,
,,,3.48000E-3,-116.0000E-3,
,,,3.49000E-3,-116.0000E-3,
,,,3.50000E-3,-116.0000E-3,
,,,3.51000E-3,-116.0000E-3,
,,,3.52000E-3,-116.0000E-3,
,,,3.53000E-3,-112.0000E-3,
,,,3.54000E-3,-116.0000E-3,
,,,3.55000E-3,-112.0000E-3,
,,,3.56000E-3,-112.0000E-3,
,,,3.57000E-3,-112.0000E-3,
,,,3.58000E-3,-112.0000E-3,
,,,3.59000E-3,-112.0000E-3,
,,,3.60000E-3,-112.0000E-3,
,,,3.61000E-3,-112.0000E-3,
,,,3.62000E-3,-112.0000E-3,
,,,3.63000E-3,-112.0000E-3,
,,,3.64000E-3,-112.0000E-3,
,,,3.65000E-3,-112.0000E-3,
,,,3.66000E-3,-112.0000E-3,
,,,3.67000E-3,-112.0000E-3,
,,,3.68000E-3,-108.0000E-3,
,,,3.69000E-3,-108.0000E-3,
,,,3.70000E-3,-108.0000E-3,
,,,3.71000E-3,-108.0000E-3,
,,,3.72000E-3,-108.0000E-3,
,,,3.73000E-3,-108.0000E-3,
,,,3.74000E-3,-108.0000E-3,
,,,3.75000E-3,-108.0000E-3,
,,,3.76000E-3,-108.0000E-3,
,,,3.77000E-3,-108.0000E-3,
,,,3.78000E-3,-104.0000E-3,
,,,3.79000E-3,-104.0000E-3,
,,,3.80000E-3,-104.0000E-3,
,,,3.81000E-3,-104.0000E-3,
,,,3.82000E-3,-104.0000E-3,
,,,3.83000E-3,-104.0000E-3,
,,,3.84000E-3,-104.0000E-3,
,,,3.85000E-3,-104.0000E-3,
,,,3.86000E-3,-104.0000E-3,
,,,3.87000E-3,-99.999994E-3,
,,,3.88000E-3,-99.999994E-3,
,,,3.89000E-3,-99.999994E-3,
,,,3.90000E-3,-99.999994E-3,
,,,3.91000E-3,-99.999994E-3,
,,,3.92000E-3,-99.999994E-3,
,,,3.93000E-3,-99.999994E-3,
,,,3.94000E-3,-99.999994E-3,
,,,3.95000E-3,-99.999994E-3,
,,,3.96000E-3,-99.999994E-3,
,,,3.97000E-3,-99.999994E-3,
,,,3.98000E-3,-95.999993E-3,
,,,3.99000E-3,-95.999993E-3,
,,,4.00000E-3,-95.999993E-3,
,,,4.01000E-3,-95.999993E-3,
,,,4.02000E-3,-95.999993E-3,
,,,4.03000E-3,-95.999993E-3,
,,,4.04000E-3,-95.999993E-3,
,,,4.05000E-3,-95.999993E-3,
,,,4.06000E-3,-95.999993E-3,
,,,4.07000E-3,-95.999993E-3,
,,,4.08000E-3,-91.999993E-3,
,,,4.09000E-3,-91.999993E-3,
,,,4.10000E-3,-91.999993E-3,
,,,4.11000E-3,-91.999993E-3,
,,,4.12000E-3,-91.999993E-3,
,,,4.13000E-3,-91.999993E-3,
,,,4.14000E-3,-91.999993E-3,
,,,4.15000E-3,-91.999993E-3,
,,,4.16000E-3,-87.999992E-3,
,,,4.17000E-3,-87.999992E-3,
,,,4.18000E-3,-87.999992E-3,
,,,4.19000E-3,-87.999992E-3,
,,,4.20000E-3,-87.999992E-3,
,,,4.21000E-3,-83.999991E-3,
,,,4.22000E-3,-87.999992E-3,
,,,4.23000E-3,-83.999991E-3,
,,,4.24000E-3,-83.999991E-3,
,,,4.25000E-3,-83.999991E-3,
,,,4.26000E-3,-83.999991E-3,
,,,4.27000E-3,-83.999991E-3,
,,,4.28000E-3,-83.999991E-3,
,,,4.29000E-3,-83.999991E-3,
,,,4.30000E-3,-79.999998E-3,
,,,4.31000E-3,-79.999998E-3,
,,,4.32000E-3,-79.999998E-3,
,,,4.33000E-3,-79.999998E-3,
,,,4.34000E-3,-79.999998E-3,
,,,4.35000E-3,-79.999998E-3,
,,,4.36000E-3,-79.999998E-3,
,,,4.37000E-3,-75.999998E-3,
,,,4.38000E-3,-75.999998E-3,
,,,4.39000E-3,-75.999998E-3,
,,,4.40000E-3,-75.999998E-3,
,,,4.41000E-3,-75.999998E-3,
,,,4.42000E-3,-75.999998E-3,
,,,4.43000E-3,-75.999998E-3,
,,,4.44000E-3,-75.999998E-3,
,,,4.45000E-3,-71.999997E-3,
,,,4.46000E-3,-71.999997E-3,
,,,4.47000E-3,-71.999997E-3,
,,,4.48000E-3,-71.999997E-3,
,,,4.49000E-3,-71.999997E-3,
,,,4.50000E-3,-67.999996E-3,
,,,4.51000E-3,-67.999996E-3,
,,,4.52000E-3,-67.999996E-3,
,,,4.53000E-3,-67.999996E-3,
,,,4.54000E-3,-67.999996E-3,
,,,4.55000E-3,-67.999996E-3,
,,,4.56000E-3,-67.999996E-3,
,,,4.57000E-3,-67.999996E-3,
,,,4.58000E-3,-63.999996E-3,
,,,4.59000E-3,-63.999996E-3,
,,,4.60000E-3,-63.999996E-3,
,,,4.61000E-3,-63.999996E-3,
,,,4.62000E-3,-63.999996E-3,
,,,4.63000E-3,-63.999996E-3,
,,,4.64000E-3,-59.999995E-3,
,,,4.65000E-3,-59.999995E-3,
,,,4.66000E-3,-59.999995E-3,
,,,4.67000E-3,-59.999995E-3,
,,,4.68000E-3,-59.999995E-3,
,,,4.69000E-3,-59.999995E-3,
,,,4.70000E-3,-55.999994E-3,
,,,4.71000E-3,-55.999994E-3,
,,,4.72000E-3,-55.999994E-3,
,,,4.73000E-3,-55.999994E-3,
,,,4.74000E-3,-55.999994E-3,
,,,4.75000E-3,-52.00000E-3,
,,,4.76000E-3,-52.00000E-3,
,,,4.77000E-3,-52.00000E-3,
,,,4.78000E-3,-52.00000E-3,
,,,4.79000E-3,-52.00000E-3,
,,,4.80000E-3,-52.00000E-3,
,,,4.81000E-3,-52.00000E-3,
,,,4.82000E-3,-48.00000E-3,
,,,4.83000E-3,-48.00000E-3,
,,,4.84000E-3,-48.00000E-3,
,,,4.85000E-3,-48.00000E-3,
,,,4.86000E-3,-48.00000E-3,
,,,4.87000E-3,-48.00000E-3,
,,,4.88000E-3,-44.00000E-3,
,,,4.89000E-3,-44.00000E-3,
,,,4.90000E-3,-44.00000E-3,
,,,4.91000E-3,-44.00000E-3,
,,,4.92000E-3,-44.00000E-3,
,,,4.93000E-3,-40.00000E-3,
,,,4.94000E-3,-40.00000E-3,
,,,4.95000E-3,-40.00000E-3,
,,,4.96000E-3,-40.00000E-3,
,,,4.97000E-3,-40.00000E-3,
,,,4.98000E-3,-40.00000E-3,
,,,4.99000E-3,-36.00000E-3,
,,,5.00000E-3,-36.00000E-3,
,,,5.01000E-3,-36.00000E-3,
,,,5.02000E-3,-36.00000E-3,
,,,5.03000E-3,-36.00000E-3,
,,,5.04000E-3,-36.00000E-3,
,,,5.05000E-3,-32.00000E-3,
,,,5.06000E-3,-32.00000E-3,
,,,5.07000E-3,-32.00000E-3,
,,,5.08000E-3,-32.00000E-3,
,,,5.09000E-3,-32.00000E-3,
,,,5.10000E-3,-28.00000E-3,
,,,5.11000E-3,-28.00000E-3,
,,,5.12000E-3,-28.00000E-3,
,,,5.13000E-3,-28.00000E-3,
,,,5.14000E-3,-24.00000E-3,
,,,5.15000E-3,-24.00000E-3,
,,,5.16000E-3,-24.00000E-3,
,,,5.17000E-3,-24.00000E-3,
,,,5.18000E-3,-24.00000E-3,
,,,5.19000E-3,-24.00000E-3,
,,,5.20000E-3,-20.0000E-3,
,,,5.21000E-3,-20.0000E-3,
,,,5.22000E-3,-20.0000E-3,
,,,5.23000E-3,-20.0000E-3,
,,,5.24000E-3,-20.0000E-3,
,,,5.25000E-3,-16.0000E-3,
,,,5.26000E-3,-16.0000E-3,
,,,5.27000E-3,-16.0000E-3,
,,,5.28000E-3,-16.0000E-3,
,,,5.29000E-3,-16.0000E-3,
,,,5.30000E-3,-16.0000E-3,
,,,5.31000E-3,-12.0000E-3,
,,,5.32000E-3,-12.0000E-3,
,,,5.33000E-3,-12.0000E-3,
,,,5.34000E-3,-12.0000E-3,
,,,5.35000E-3,-12.0000E-3,
,,,5.36000E-3,-12.0000E-3,
,,,5.37000E-3,-7.999999E-3,
,,,5.38000E-3,-7.999999E-3,
,,,5.39000E-3,-7.999999E-3,
,,,5.40000E-3,-7.999999E-3,
,,,5.41000E-3,-7.999999E-3,
,,,5.42000E-3,-4.00000E-3,
,,,5.43000E-3,-4.00000E-3,
,,,5.44000E-3,-4.00000E-3,
,,,5.45000E-3,-4.00000E-3,
,,,5.46000E-3,-4.00000E-3,
,,,5.47000E-3,0.0,
,,,5.48000E-3,0.0,
,,,5.49000E-3,0.0,
,,,5.50000E-3,0.0,
,,,5.51000E-3,0.0,
,,,5.52000E-3,4.00000E-3,
,,,5.53000E-3,4.00000E-3,
,,,5.54000E-3,4.00000E-3,
,,,5.55000E-3,4.00000E-3,
,,,5.56000E-3,4.00000E-3,
,,,5.57000E-3,4.00000E-3,
,,,5.58000E-3,7.999999E-3,
,,,5.59000E-3,7.999999E-3,
,,,5.60000E-3,7.999999E-3,
,,,5.61000E-3,7.999999E-3,
,,,5.62000E-3,7.999999E-3,
,,,5.63000E-3,7.999999E-3,
,,,5.64000E-3,12.0000E-3,
,,,5.65000E-3,12.0000E-3,
,,,5.66000E-3,12.0000E-3,
,,,5.67000E-3,12.0000E-3,
,,,5.68000E-3,12.0000E-3,
,,,5.69000E-3,16.0000E-3,
,,,5.70000E-3,16.0000E-3,
,,,5.71000E-3,16.0000E-3,
,,,5.72000E-3,16.0000E-3,
,,,5.73000E-3,16.0000E-3,
,,,5.74000E-3,20.0000E-3,
,,,5.75000E-3,20.0000E-3,
,,,5.76000E-3,20.0000E-3,
,,,5.77000E-3,20.0000E-3,
,,,5.78000E-3,20.0000E-3,
,,,5.79000E-3,20.0000E-3,
,,,5.80000E-3,24.00000E-3,
,,,5.81000E-3,24.00000E-3,
,,,5.82000E-3,24.00000E-3,
,,,5.83000E-3,24.00000E-3,
,,,5.84000E-3,24.00000E-3,
,,,5.85000E-3,24.00000E-3,
,,,5.86000E-3,28.00000E-3,
,,,5.87000E-3,28.00000E-3,
,,,5.88000E-3,28.00000E-3,
,,,5.89000E-3,28.00000E-3,
,,,5.90000E-3,28.00000E-3,
,,,5.91000E-3,32.00000E-3,
,,,5.92000E-3,28.00000E-3,
,,,5.93000E-3,32.00000E-3,
,,,5.94000E-3,32.00000E-3,
,,,5.95000E-3,32.00000E-3,
,,,5.96000E-3,36.00000E-3,
,,,5.97000E-3,32.00000E-3,
,,,5.98000E-3,36.00000E-3,
,,,5.99000E-3,36.00000E-3,
,,,6.00000E-3,36.00000E-3,
,,,6.01000E-3,36.00000E-3,
,,,6.02000E-3,36.00000E-3,
,,,6.03000E-3,40.00000E-3,
,,,6.04000E-3,40.00000E-3,
,,,6.05000E-3,40.00000E-3,
,,,6.06000E-3,40.00000E-3,
,,,6.07000E-3,40.00000E-3,
,,,6.08000E-3,40.00000E-3,
,,,6.09000E-3,44.00000E-3,
,,,6.10000E-3,44.00000E-3,
,,,6.11000E-3,44.00000E-3,
,,,6.12000E-3,44.00000E-3,
,,,6.13000E-3,44.00000E-3,
,,,6.14000E-3,44.00000E-3,
,,,6.15000E-3,44.00000E-3,
,,,6.16000E-3,48.00000E-3,
,,,6.17000E-3,48.00000E-3,
,,,6.18000E-3,48.00000E-3,
,,,6.19000E-3,48.00000E-3,
,,,6.20000E-3,52.00000E-3,
,,,6.21000E-3,52.00000E-3,
,,,6.22000E-3,52.00000E-3,
,,,6.23000E-3,52.00000E-3,
,,,6.24000E-3,52.00000E-3,
,,,6.25000E-3,52.00000E-3,
,,,6.26000E-3,52.00000E-3,
,,,6.27000E-3,52.00000E-3,
,,,6.28000E-3,55.999994E-3,
,,,6.29000E-3,55.999994E-3,
,,,6.30000E-3,55.999994E-3,
,,,6.31000E-3,55.999994E-3,
,,,6.32000E-3,55.999994E-3,
,,,6.33000E-3,55.999994E-3,
,,,6.34000E-3,59.999995E-3,
,,,6.35000E-3,59.999995E-3,
,,,6.36000E-3,59.999995E-3,
,,,6.37000E-3,59.999995E-3,
,,,6.38000E-3,59.999995E-3,
,,,6.39000E-3,59.999995E-3,
,,,6.40000E-3,63.999996E-3,
,,,6.41000E-3,63.999996E-3,
,,,6.42000E-3,63.999996E-3,
,,,6.43000E-3,63.999996E-3,
,,,6.44000E-3,63.999996E-3,
,,,6.45000E-3,63.999996E-3,
,,,6.46000E-3,63.999996E-3,
,,,6.47000E-3,67.999996E-3,
,,,6.48000E-3,67.999996E-3,
,,,6.49000E-3,67.999996E-3,
,,,6.50000E-3,67.999996E-3,
,,,6.51000E-3,67.999996E-3,
,,,6.52000E-3,67.999996E-3,
,,,6.53000E-3,67.999996E-3,
,,,6.54000E-3,67.999996E-3,
,,,6.55000E-3,71.999997E-3,
,,,6.56000E-3,71.999997E-3,
,,,6.57000E-3,71.999997E-3,
,,,6.58000E-3,71.999997E-3,
,,,6.59000E-3,71.999997E-3,
,,,6.60000E-3,71.999997E-3,
,,,6.61000E-3,75.999998E-3,
,,,6.62000E-3,75.999998E-3,
,,,6.63000E-3,75.999998E-3,
,,,6.64000E-3,75.999998E-3,
,,,6.65000E-3,75.999998E-3,
,,,6.66000E-3,75.999998E-3,
,,,6.67000E-3,75.999998E-3,
,,,6.68000E-3,75.999998E-3,
,,,6.69000E-3,79.999998E-3,
,,,6.70000E-3,79.999998E-3,
,,,6.71000E-3,79.999998E-3,
,,,6.72000E-3,79.999998E-3,
,,,6.73000E-3,79.999998E-3,
,,,6.74000E-3,79.999998E-3,
,,,6.75000E-3,79.999998E-3,
,,,6.76000E-3,83.999991E-3,
,,,6.77000E-3,83.999991E-3,
,,,6.78000E-3,83.999991E-3,
,,,6.79000E-3,83.999991E-3,
,,,6.80000E-3,83.999991E-3,
,,,6.81000E-3,83.999991E-3,
,,,6.82000E-3,83.999991E-3,
,,,6.83000E-3,83.999991E-3,
,,,6.84000E-3,83.999991E-3,
,,,6.85000E-3,83.999991E-3,
,,,6.86000E-3,87.999992E-3,
,,,6.87000E-3,87.999992E-3,
,,,6.88000E-3,87.999992E-3,
,,,6.89000E-3,87.999992E-3,
,,,6.90000E-3,87.999992E-3,
,,,6.91000E-3,87.999992E-3,
,,,6.92000E-3,87.999992E-3,
,,,6.93000E-3,91.999993E-3,
,,,6.94000E-3,87.999992E-3,
,,,6.95000E-3,91.999993E-3,
,,,6.96000E-3,91.999993E-3,
,,,6.97000E-3,91.999993E-3,
,,,6.98000E-3,91.999993E-3,
,,,6.99000E-3,91.999993E-3,
,,,7.00000E-3,91.999993E-3,
,,,7.01000E-3,91.999993E-3,
,,,7.02000E-3,91.999993E-3,
,,,7.03000E-3,95.999993E-3,
,,,7.04000E-3,95.999993E-3,
,,,7.05000E-3,95.999993E-3,
,,,7.06000E-3,95.999993E-3,
,,,7.07000E-3,95.999993E-3,
,,,7.08000E-3,95.999993E-3,
,,,7.09000E-3,95.999993E-3,
,,,7.10000E-3,95.999993E-3,
,,,7.11000E-3,95.999993E-3,
,,,7.12000E-3,95.999993E-3,
,,,7.13000E-3,95.999993E-3,
,,,7.14000E-3,95.999993E-3,
,,,7.15000E-3,99.999994E-3,
,,,7.16000E-3,99.999994E-3,
,,,7.17000E-3,99.999994E-3,
,,,7.18000E-3,99.999994E-3,
,,,7.19000E-3,99.999994E-3,
,,,7.20000E-3,99.999994E-3,
,,,7.21000E-3,99.999994E-3,
,,,7.22000E-3,99.999994E-3,
,,,7.23000E-3,99.999994E-3,
,,,7.24000E-3,104.0000E-3,
,,,7.25000E-3,99.999994E-3,
,,,7.26000E-3,99.999994E-3,
,,,7.27000E-3,104.0000E-3,
,,,7.28000E-3,104.0000E-3,
,,,7.29000E-3,104.0000E-3,
,,,7.30000E-3,104.0000E-3,
,,,7.31000E-3,104.0000E-3,
,,,7.32000E-3,104.0000E-3,
,,,7.33000E-3,104.0000E-3,
,,,7.34000E-3,104.0000E-3,
,,,7.35000E-3,104.0000E-3,
,,,7.36000E-3,104.0000E-3,
,,,7.37000E-3,104.0000E-3,
,,,7.38000E-3,108.0000E-3,
,,,7.389999E-3,108.0000E-3,
,,,7.399999E-3,104.0000E-3,
,,,7.409999E-3,108.0000E-3,
,,,7.419999E-3,108.0000E-3,
,,,7.429999E-3,108.0000E-3,
,,,7.439999E-3,108.0000E-3,
,,,7.449999E-3,108.0000E-3,
,,,7.459999E-3,108.0000E-3,
,,,7.469999E-3,108.0000E-3,
,,,7.479999E-3,108.0000E-3,
,,,7.489999E-3,108.0000E-3,
,,,7.499999E-3,108.0000E-3,
,,,7.509999E-3,108.0000E-3,
,,,7.519999E-3,108.0000E-3,
,,,7.529999E-3,108.0000E-3,
,,,7.539999E-3,108.0000E-3,
,,,7.549999E-3,108.0000E-3,
,,,7.559999E-3,112.0000E-3,
,,,7.569999E-3,108.0000E-3,
,,,7.579999E-3,108.0000E-3,
,,,7.589999E-3,108.0000E-3,
,,,7.599999E-3,112.0000E-3,
,,,7.609999E-3,112.0000E-3,
,,,7.619999E-3,108.0000E-3,
,,,7.629998E-3,112.0000E-3,
,,,7.639999E-3,112.0000E-3,
,,,7.649999E-3,112.0000E-3,
,,,7.659999E-3,112.0000E-3,
,,,7.669999E-3,112.0000E-3,
,,,7.679999E-3,112.0000E-3,
,,,7.689998E-3,112.0000E-3,
,,,7.699999E-3,112.0000E-3,
,,,7.709999E-3,112.0000E-3,
,,,7.719999E-3,112.0000E-3,
,,,7.729999E-3,112.0000E-3,
,,,7.739999E-3,112.0000E-3,
,,,7.749998E-3,112.0000E-3,
,,,7.759999E-3,112.0000E-3,
,,,7.769999E-3,112.0000E-3,
,,,7.779999E-3,112.0000E-3,
,,,7.789999E-3,112.0000E-3,
,,,7.799999E-3,112.0000E-3,
,,,7.809998E-3,112.0000E-3,
,,,7.819999E-3,112.0000E-3,
,,,7.829999E-3,112.0000E-3,
,,,7.839998E-3,112.0000E-3,
,,,7.849999E-3,112.0000E-3,
,,,7.859998E-3,112.0000E-3,
,,,7.869999E-3,112.0000E-3,
,,,7.879999E-3,112.0000E-3,
,,,7.889999E-3,112.0000E-3,
,,,7.899999E-3,112.0000E-3,
,,,7.909998E-3,112.0000E-3,
,,,7.919999E-3,112.0000E-3,
,,,7.929998E-3,112.0000E-3,
,,,7.939999E-3,112.0000E-3,
,,,7.949999E-3,112.0000E-3,
,,,7.959999E-3,112.0000E-3,
,,,7.969999E-3,112.0000E-3,
,,,7.979998E-3,112.0000E-3,
,,,7.989999E-3,112.0000E-3,
,,,7.999999E-3,112.0000E-3,
,,,8.009999E-3,112.0000E-3,
,,,8.019999E-3,112.0000E-3,
,,,8.029998E-3,112.0000E-3,
,,,8.039999E-3,112.0000E-3,
,,,8.049998E-3,112.0000E-3,
,,,8.059999E-3,112.0000E-3,
,,,8.069999E-3,112.0000E-3,
,,,8.079999E-3,112.0000E-3,
,,,8.089999E-3,112.0000E-3,
,,,8.099998E-3,112.0000E-3,
,,,8.109999E-3,112.0000E-3,
,,,8.119998E-3,112.0000E-3,
,,,8.129999E-3,112.0000E-3,
,,,8.139999E-3,112.0000E-3,
,,,8.149998E-3,112.0000E-3,
,,,8.159999E-3,112.0000E-3,
,,,8.169998E-3,112.0000E-3,
,,,8.179999E-3,112.0000E-3,
,,,8.189999E-3,112.0000E-3,
,,,8.199999E-3,112.0000E-3,
,,,8.209999E-3,112.0000E-3,
,,,8.219998E-3,112.0000E-3,
,,,8.229999E-3,112.0000E-3,
,,,8.239998E-3,112.0000E-3,
,,,8.249999E-3,112.0000E-3,
,,,8.259999E-3,112.0000E-3,
,,,8.269998E-3,112.0000E-3,
,,,8.279999E-3,112.0000E-3,
,,,8.289998E-3,112.0000E-3,
,,,8.299999E-3,112.0000E-3,
,,,8.309999E-3,112.0000E-3,
,,,8.319999E-3,112.0000E-3,
,,,8.329999E-3,112.0000E-3,
,,,8.339998E-3,112.0000E-3,
,,,8.349999E-3,112.0000E-3,
,,,8.359998E-3,112.0000E-3,
,,,8.369999E-3,108.0000E-3,
,,,8.379999E-3,112.0000E-3,
,,,8.389998E-3,108.0000E-3,
,,,8.399999E-3,108.0000E-3,
,,,8.409998E-3,108.0000E-3,
,,,8.419999E-3,108.0000E-3,
,,,8.429999E-3,108.0000E-3,
,,,8.439999E-3,108.0000E-3,
,,,8.449999E-3,108.0000E-3,
,,,8.459998E-3,108.0000E-3,
,,,8.469999E-3,108.0000E-3,
,,,8.479998E-3,108.0000E-3,
,,,8.489999E-3,108.0000E-3,
,,,8.499999E-3,108.0000E-3,
,,,8.509999E-3,108.0000E-3,
,,,8.519999E-3,108.0000E-3,
,,,8.529998E-3,108.0000E-3,
,,,8.539999E-3,108.0000E-3,
,,,8.549999E-3,108.0000E-3,
,,,8.559999E-3,104.0000E-3,
,,,8.569999E-3,108.0000E-3,
,,,8.579998E-3,104.0000E-3,
,,,8.589999E-3,104.0000E-3,
,,,8.599998E-3,104.0000E-3,
,,,8.609999E-3,104.0000E-3,
,,,8.619999E-3,104.0000E-3,
,,,8.629999E-3,104.0000E-3,
,,,8.639999E-3,104.0000E-3,
,,,8.649998E-3,104.0000E-3,
,,,8.659999E-3,104.0000E-3,
,,,8.669998E-3,104.0000E-3,
,,,8.679999E-3,104.0000E-3,
,,,8.689999E-3,104.0000E-3,
,,,8.699998E-3,104.0000E-3,
,,,8.709999E-3,104.0000E-3,
,,,8.719998E-3,104.0000E-3,
,,,8.729999E-3,99.999994E-3,
,,,8.739999E-3,99.999994E-3,
,,,8.749999E-3,99.999994E-3,
,,,8.759999E-3,99.999994E-3,
,,,8.769998E-3,99.999994E-3,
,,,8.779999E-3,99.999994E-3,
,,,8.789998E-3,99.999994E-3,
,,,8.799999E-3,99.999994E-3,
,,,8.809999E-3,99.999994E-3,
,,,8.819998E-3,99.999994E-3,
,,,8.829999E-3,99.999994E-3,
,,,8.839998E-3,99.999994E-3,
,,,8.849999E-3,95.999993E-3,
,,,8.859999E-3,95.999993E-3,
,,,8.869999E-3,95.999993E-3,
,,,8.879999E-3,95.999993E-3,
,,,8.889998E-3,95.999993E-3,
,,,8.899999E-3,95.999993E-3,
,,,8.909998E-3,95.999993E-3,
,,,8.919999E-3,95.999993E-3,
,,,8.929999E-3,95.999993E-3,
,,,8.939998E-3,95.999993E-3,
,,,8.949999E-3,91.999993E-3,
,,,8.959998E-3,91.999993E-3,
,,,8.969999E-3,91.999993E-3,
,,,8.979999E-3,91.999993E-3,
,,,8.989999E-3,91.999993E-3,
,,,8.999999E-3,91.999993E-3,
,,,9.009998E-3,91.999993E-3,
,,,9.019999E-3,91.999993E-3,
,,,9.029998E-3,91.999993E-3,
,,,9.039999E-3,87.999992E-3,
,,,9.049999E-3,87.999992E-3,
,,,9.059998E-3,87.999992E-3,
,,,9.069999E-3,87.999992E-3,
,,,9.079998E-3,87.999992E-3,
,,,9.089999E-3,87.999992E-3,
,,,9.099999E-3,87.999992E-3,
,,,9.109999E-3,87.999992E-3,
,,,9.119999E-3,83.999991E-3,
,,,9.129998E-3,83.999991E-3,
,,,9.139999E-3,83.999991E-3,
,,,9.149998E-3,83.999991E-3,
,,,9.159999E-3,83.999991E-3,
,,,9.169999E-3,83.999991E-3,
,,,9.179999E-3,83.999991E-3,
,,,9.189999E-3,83.999991E-3,
,,,9.199998E-3,83.999991E-3,
,,,9.209999E-3,79.999998E-3,
,,,9.219998E-3,79.999998E-3,
,,,9.229999E-3,79.999998E-3,
,,,9.239999E-3,79.999998E-3,
,,,9.249998E-3,79.999998E-3,
,,,9.259999E-3,79.999998E-3,
,,,9.269998E-3,79.999998E-3,
,,,9.279999E-3,79.999998E-3,
,,,9.289999E-3,75.999998E-3,
,,,9.299999E-3,75.999998E-3,
,,,9.309999E-3,75.999998E-3,
,,,9.319998E-3,75.999998E-3,
,,,9.329999E-3,75.999998E-3,
,,,9.339998E-3,75.999998E-3,
,,,9.349999E-3,75.999998E-3,
,,,9.359999E-3,75.999998E-3,
,,,9.369998E-3,71.999997E-3,
,,,9.379999E-3,71.999997E-3,
,,,9.389998E-3,71.999997E-3,
,,,9.399999E-3,71.999997E-3,
,,,9.409999E-3,71.999997E-3,
,,,9.419999E-3,71.999997E-3,
,,,9.429999E-3,71.999997E-3,
,,,9.439998E-3,71.999997E-3,
,,,9.449999E-3,71.999997E-3,
,,,9.459998E-3,67.999996E-3,
,,,9.469999E-3,67.999996E-3,
,,,9.479999E-3,67.999996E-3,
,,,9.489998E-3,67.999996E-3,
,,,9.499999E-3,67.999996E-3,
,,,9.509998E-3,67.999996E-3,
,,,9.519999E-3,67.999996E-3,
,,,9.529999E-3,63.999996E-3,
,,,9.539999E-3,63.999996E-3,
,,,9.549999E-3,63.999996E-3,
,,,9.559998E-3,63.999996E-3,
,,,9.569999E-3,63.999996E-3,
,,,9.579998E-3,59.999995E-3,
,,,9.589999E-3,59.999995E-3,
,,,9.599999E-3,59.999995E-3,
,,,9.609998E-3,59.999995E-3,
,,,9.619999E-3,59.999995E-3,
,,,9.629998E-3,59.999995E-3,
,,,9.639999E-3,59.999995E-3,
,,,9.649999E-3,55.999994E-3,
,,,9.659999E-3,55.999994E-3,
,,,9.669999E-3,55.999994E-3,
,,,9.679998E-3,55.999994E-3,
,,,9.689999E-3,55.999994E-3,
,,,9.699998E-3,55.999994E-3,
,,,9.709999E-3,55.999994E-3,
,,,9.719999E-3,52.00000E-3,
,,,9.729998E-3,52.00000E-3,
,,,9.739999E-3,52.00000E-3,
,,,9.749998E-3,52.00000E-3,
,,,9.759999E-3,52.00000E-3,
,,,9.769998E-3,48.00000E-3,
,,,9.779999E-3,52.00000E-3,
,,,9.789999E-3,48.00000E-3,
,,,9.799998E-3,48.00000E-3,
,,,9.809999E-3,48.00000E-3,
,,,9.819998E-3,48.00000E-3,
,,,9.829999E-3,48.00000E-3,
,,,9.839999E-3,48.00000E-3,
,,,9.849999E-3,44.00000E-3,
,,,9.859999E-3,44.00000E-3,
,,,9.869998E-3,44.00000E-3,
,,,9.879999E-3,44.00000E-3,
,,,9.889998E-3,44.00000E-3,
,,,9.899999E-3,44.00000E-3,
,,,9.909999E-3,44.00000E-3,
,,,9.919998E-3,40.00000E-3,
,,,9.929999E-3,40.00000E-3,
,,,9.939998E-3,40.00000E-3,
,,,9.949999E-3,40.00000E-3,
,,,9.959999E-3,40.00000E-3,
,,,9.969999E-3,36.00000E-3,
,,,9.979999E-3,36.00000E-3,
,,,9.989998E-3,36.00000E-3,
,,,9.999999E-3,36.00000E-3,
,,,10.0100E-3,36.00000E-3,
,,,10.0200E-3,36.00000E-3,
,,,10.0300E-3,36.00000E-3,
,,,10.0400E-3,32.00000E-3,
,,,10.0500E-3,32.00000E-3,
,,,10.0600E-3,32.00000E-3,
,,,10.0700E-3,32.00000E-3,
,,,10.0800E-3,32.00000E-3,
,,,10.0900E-3,32.00000E-3,
,,,10.1000E-3,32.00000E-3,
,,,10.1100E-3,32.00000E-3,
,,,10.1200E-3,28.00000E-3,
,,,10.1300E-3,28.00000E-3,
,,,10.1400E-3,28.00000E-3,
,,,10.1500E-3,28.00000E-3,
,,,10.1600E-3,28.00000E-3,
,,,10.1700E-3,28.00000E-3,
,,,10.1800E-3,24.00000E-3,
,,,10.1900E-3,24.00000E-3,
,,,10.2000E-3,24.00000E-3,
,,,10.2100E-3,24.00000E-3,
,,,10.2200E-3,24.00000E-3,
,,,10.2300E-3,24.00000E-3,
,,,10.2400E-3,20.0000E-3,
,,,10.2500E-3,20.0000E-3,
,,,10.2600E-3,20.0000E-3,
,,,10.2700E-3,20.0000E-3,
,,,10.2800E-3,20.0000E-3,
,,,10.2900E-3,20.0000E-3,
,,,10.3000E-3,16.0000E-3,
,,,10.3100E-3,16.0000E-3,
,,,10.3200E-3,16.0000E-3,
,,,10.3300E-3,16.0000E-3,
,,,10.3400E-3,12.0000E-3,
,,,10.3500E-3,12.0000E-3,
,,,10.3600E-3,12.0000E-3,
,,,10.3700E-3,12.0000E-3,
,,,10.3800E-3,12.0000E-3,
,,,10.3900E-3,12.0000E-3,
,,,10.4000E-3,12.0000E-3,
,,,10.4100E-3,7.999999E-3,
,,,10.4200E-3,7.999999E-3,
,,,10.4300E-3,7.999999E-3,
,,,10.4400E-3,7.999999E-3,
,,,10.4500E-3,7.999999E-3,
,,,10.4600E-3,4.00000E-3,
,,,10.4700E-3,4.00000E-3,
,,,10.4800E-3,4.00000E-3,
,,,10.4900E-3,4.00000E-3,
,,,10.5000E-3,4.00000E-3,
,,,10.5100E-3,4.00000E-3,
,,,10.5200E-3,4.00000E-3,
,,,10.5300E-3,0.0,
,,,10.5400E-3,0.0,
,,,10.5500E-3,0.0,
,,,10.5600E-3,0.0,
,,,10.5700E-3,0.0,
,,,10.5800E-3,-4.00000E-3,
,,,10.5900E-3,-4.00000E-3,
,,,10.6000E-3,-4.00000E-3,
,,,10.6100E-3,-4.00000E-3,
,,,10.6200E-3,-4.00000E-3,
,,,10.6300E-3,-4.00000E-3,
,,,10.6400E-3,-4.00000E-3,
,,,10.6500E-3,-7.999999E-3,
,,,10.6600E-3,-7.999999E-3,
,,,10.6700E-3,-7.999999E-3,
,,,10.6800E-3,-7.999999E-3,
,,,10.6900E-3,-7.999999E-3,
,,,10.7000E-3,-7.999999E-3,
,,,10.7100E-3,-7.999999E-3,
,,,10.7200E-3,-12.0000E-3,
,,,10.7300E-3,-12.0000E-3,
,,,10.7400E-3,-12.0000E-3,
,,,10.7500E-3,-12.0000E-3,
,,,10.7600E-3,-12.0000E-3,
,,,10.7700E-3,-16.0000E-3,
,,,10.7800E-3,-16.0000E-3,
,,,10.7900E-3,-16.0000E-3,
,,,10.8000E-3,-16.0000E-3,
,,,10.8100E-3,-16.0000E-3,
,,,10.8200E-3,-20.0000E-3,
,,,10.8300E-3,-20.0000E-3,
,,,10.8400E-3,-20.0000E-3,
,,,10.8500E-3,-20.0000E-3,
,,,10.8600E-3,-20.0000E-3,
,,,10.8700E-3,-20.0000E-3,
,,,10.8800E-3,-20.0000E-3,
,,,10.8900E-3,-24.00000E-3,
,,,10.9000E-3,-24.00000E-3,
,,,10.9100E-3,-24.00000E-3,
,,,10.9200E-3,-24.00000E-3,
,,,10.9300E-3,-24.00000E-3,
,,,10.9400E-3,-24.00000E-3,
,,,10.9500E-3,-28.00000E-3,
,,,10.9600E-3,-28.00000E-3,
,,,10.9700E-3,-28.00000E-3,
,,,10.9800E-3,-28.00000E-3,
,,,10.9900E-3,-28.00000E-3,
,,,11.0000E-3,-28.00000E-3,
,,,11.0100E-3,-32.00000E-3,
,,,11.0200E-3,-32.00000E-3,
,,,11.0300E-3,-32.00000E-3,
,,,11.0400E-3,-32.00000E-3,
,,,11.0500E-3,-32.00000E-3,
,,,11.0600E-3,-32.00000E-3,
,,,11.0700E-3,-32.00000E-3,
,,,11.0800E-3,-36.00000E-3,
,,,11.0900E-3,-36.00000E-3,
,,,11.1000E-3,-36.00000E-3,
,,,11.1100E-3,-36.00000E-3,
,,,11.1200E-3,-36.00000E-3,
,,,11.1300E-3,-36.00000E-3,
,,,11.1400E-3,-36.00000E-3,
,,,11.1500E-3,-40.00000E-3,
,,,11.1600E-3,-40.00000E-3,
,,,11.1700E-3,-40.00000E-3,
,,,11.1800E-3,-40.00000E-3,
,,,11.1900E-3,-40.00000E-3,
,,,11.2000E-3,-40.00000E-3,
,,,11.2100E-3,-44.00000E-3,
,,,11.2200E-3,-44.00000E-3,
,,,11.2300E-3,-44.00000E-3,
,,,11.2400E-3,-44.00000E-3,
,,,11.2500E-3,-44.00000E-3,
,,,11.2600E-3,-48.00000E-3,
,,,11.2700E-3,-44.00000E-3,
,,,11.2800E-3,-48.00000E-3,
,,,11.2900E-3,-48.00000E-3,
,,,11.3000E-3,-48.00000E-3,
,,,11.3100E-3,-48.00000E-3,
,,,11.3200E-3,-48.00000E-3,
,,,11.3300E-3,-48.00000E-3,
,,,11.3400E-3,-48.00000E-3,
,,,11.3500E-3,-52.00000E-3,
,,,11.3600E-3,-52.00000E-3,
,,,11.3700E-3,-52.00000E-3,
,,,11.3800E-3,-52.00000E-3,
,,,11.3900E-3,-52.00000E-3,
,,,11.4000E-3,-55.999994E-3,
,,,11.4100E-3,-55.999994E-3,
,,,11.4200E-3,-55.999994E-3,
,,,11.4300E-3,-55.999994E-3,
,,,11.4400E-3,-55.999994E-3,
,,,11.4500E-3,-55.999994E-3,
,,,11.4600E-3,-55.999994E-3,
,,,11.4700E-3,-59.999995E-3,
,,,11.4800E-3,-59.999995E-3,
,,,11.4900E-3,-59.999995E-3,
,,,11.5000E-3,-59.999995E-3,
,,,11.5100E-3,-59.999995E-3,
,,,11.5200E-3,-59.999995E-3,
,,,11.5300E-3,-59.999995E-3,
,,,11.5400E-3,-59.999995E-3,
,,,11.5500E-3,-59.999995E-3,
,,,11.5600E-3,-63.999996E-3,
,,,11.5700E-3,-63.999996E-3,
,,,11.5800E-3,-63.999996E-3,
,,,11.5900E-3,-63.999996E-3,
,,,11.6000E-3,-63.999996E-3,
,,,11.6100E-3,-63.999996E-3,
,,,11.6200E-3,-63.999996E-3,
,,,11.6300E-3,-67.999996E-3,
,,,11.6400E-3,-67.999996E-3,
,,,11.6500E-3,-67.999996E-3,
,,,11.6600E-3,-67.999996E-3,
,,,11.6700E-3,-67.999996E-3,
,,,11.6800E-3,-67.999996E-3,
,,,11.6900E-3,-67.999996E-3,
,,,11.7000E-3,-67.999996E-3,
,,,11.7100E-3,-67.999996E-3,
,,,11.7200E-3,-67.999996E-3,
,,,11.7300E-3,-71.999997E-3,
,,,11.7400E-3,-71.999997E-3,
,,,11.7500E-3,-71.999997E-3,
,,,11.7600E-3,-71.999997E-3,
,,,11.7700E-3,-71.999997E-3,
,,,11.7800E-3,-71.999997E-3,
,,,11.7900E-3,-75.999998E-3,
,,,11.8000E-3,-75.999998E-3,
,,,11.8100E-3,-75.999998E-3,
,,,11.8200E-3,-75.999998E-3,
,,,11.8300E-3,-75.999998E-3,
,,,11.8400E-3,-75.999998E-3,
,,,11.8500E-3,-75.999998E-3,
,,,11.8600E-3,-75.999998E-3,
,,,11.8700E-3,-75.999998E-3,
,,,11.8800E-3,-75.999998E-3,
,,,11.8900E-3,-79.999998E-3,
,,,11.9000E-3,-79.999998E-3,
,,,11.9100E-3,-79.999998E-3,
,,,11.9200E-3,-79.999998E-3,
,,,11.9300E-3,-79.999998E-3,
,,,11.9400E-3,-79.999998E-3,
,,,11.9500E-3,-79.999998E-3,
,,,11.9600E-3,-79.999998E-3,
,,,11.9700E-3,-79.999998E-3,
,,,11.9800E-3,-79.999998E-3,
,,,11.9900E-3,-83.999991E-3,
,,,12.0000E-3,-83.999991E-3,
,,,12.0100E-3,-83.999991E-3,
,,,12.0200E-3,-83.999991E-3,
,,,12.0300E-3,-83.999991E-3,
,,,12.0400E-3,-83.999991E-3,
,,,12.0500E-3,-83.999991E-3,
,,,12.0600E-3,-83.999991E-3,
,,,12.0700E-3,-83.999991E-3,
,,,12.0800E-3,-87.999992E-3,
,,,12.0900E-3,-83.999991E-3,
,,,12.1000E-3,-87.999992E-3,
,,,12.1100E-3,-87.999992E-3,
,,,12.1200E-3,-87.999992E-3,
,,,12.1300E-3,-87.999992E-3,
,,,12.1400E-3,-87.999992E-3,
,,,12.1500E-3,-87.999992E-3,
,,,12.1600E-3,-87.999992E-3,
,,,12.1700E-3,-87.999992E-3,
,,,12.1800E-3,-87.999992E-3,
,,,12.1900E-3,-87.999992E-3,
,,,12.2000E-3,-87.999992E-3,
,,,12.2100E-3,-87.999992E-3,
,,,12.2200E-3,-91.999993E-3,
,,,12.2300E-3,-91.999993E-3,
,,,12.2400E-3,-91.999993E-3,
,,,12.2500E-3,-91.999993E-3,
,,,12.2600E-3,-91.999993E-3,
,,,12.2700E-3,-91.999993E-3,
,,,12.2800E-3,-91.999993E-3,
,,,12.2900E-3,-91.999993E-3,
,,,12.3000E-3,-91.999993E-3,
,,,12.3100E-3,-91.999993E-3,
,,,12.3200E-3,-91.999993E-3,
,,,12.3300E-3,-91.999993E-3,
,,,12.3400E-3,-91.999993E-3,
,,,12.3500E-3,-95.999993E-3,
,,,12.3600E-3,-95.999993E-3,
,,,12.3700E-3,-95.999993E-3,
,,,12.3800E-3,-95.999993E-3,
,,,12.3900E-3,-95.999993E-3,
,,,12.4000E-3,-95.999993E-3,
,,,12.4100E-3,-95.999993E-3,
,,,12.4200E-3,-95.999993E-3,
,,,12.4300E-3,-95.999993E-3,
,,,12.4400E-3,-95.999993E-3,
,,,12.4500E-3,-95.999993E-3,
,,,12.4600E-3,-95.999993E-3,
,,,12.4700E-3,-95.999993E-3,
,,,12.4800E-3,-95.999993E-3,
,,,12.4900E-3,-95.999993E-3,
,,,12.5000E-3,-95.999993E-3,
,,,12.5100E-3,-95.999993E-3,
,,,12.5200E-3,-99.999994E-3,
,,,12.5300E-3,-99.999994E-3,
,,,12.5400E-3,-99.999994E-3,
,,,12.5500E-3,-99.999994E-3,
,,,12.5600E-3,-99.999994E-3,
,,,12.5700E-3,-99.999994E-3,
,,,12.5800E-3,-99.999994E-3,
,,,12.5900E-3,-99.999994E-3,
,,,12.6000E-3,-99.999994E-3,
,,,12.6100E-3,-99.999994E-3,
,,,12.6200E-3,-99.999994E-3,
,,,12.6300E-3,-99.999994E-3,
,,,12.6400E-3,-99.999994E-3,
,,,12.6500E-3,-99.999994E-3,
,,,12.6600E-3,-99.999994E-3,
,,,12.6700E-3,-99.999994E-3,
,,,12.6800E-3,-99.999994E-3,
,,,12.6900E-3,-99.999994E-3,
,,,12.7000E-3,-104.0000E-3,
,,,12.7100E-3,-99.999994E-3,
,,,12.7200E-3,-104.0000E-3,
,,,12.7300E-3,-104.0000E-3,
,,,12.7400E-3,-104.0000E-3,
,,,12.7500E-3,-104.0000E-3,
,,,12.7600E-3,-104.0000E-3,
,,,12.7700E-3,-104.0000E-3,
,,,12.7800E-3,-104.0000E-3,
,,,12.7900E-3,-104.0000E-3,
,,,12.8000E-3,-104.0000E-3,
,,,12.8100E-3,-104.0000E-3,
,,,12.8200E-3,-104.0000E-3,
,,,12.8300E-3,-104.0000E-3,
,,,12.8400E-3,-104.0000E-3,
,,,12.8500E-3,-104.0000E-3,
,,,12.8600E-3,-104.0000E-3,
,,,12.8700E-3,-104.0000E-3,
,,,12.8800E-3,-104.0000E-3,
,,,12.8900E-3,-104.0000E-3,
,,,12.9000E-3,-104.0000E-3,
,,,12.9100E-3,-104.0000E-3,
,,,12.9200E-3,-104.0000E-3,
,,,12.9300E-3,-104.0000E-3,
,,,12.9400E-3,-104.0000E-3,
,,,12.9500E-3,-104.0000E-3,
,,,12.9600E-3,-104.0000E-3,
,,,12.9700E-3,-104.0000E-3,
,,,12.9800E-3,-104.0000E-3,
,,,12.9900E-3,-104.0000E-3,
,,,13.0000E-3,-104.0000E-3,
,,,13.0100E-3,-104.0000E-3,
,,,13.0200E-3,-104.0000E-3,
,,,13.0300E-3,-104.0000E-3,
,,,13.0400E-3,-104.0000E-3,
,,,13.0500E-3,-104.0000E-3,
,,,13.0600E-3,-104.0000E-3,
,,,13.0700E-3,-104.0000E-3,
,,,13.0800E-3,-104.0000E-3,
,,,13.0900E-3,-104.0000E-3,
,,,13.1000E-3,-104.0000E-3,
,,,13.1100E-3,-104.0000E-3,
,,,13.1200E-3,-104.0000E-3,
,,,13.1300E-3,-104.0000E-3,
,,,13.1400E-3,-104.0000E-3,
,,,13.1500E-3,-104.0000E-3,
,,,13.1600E-3,-104.0000E-3,
,,,13.1700E-3,-104.0000E-3,
,,,13.1800E-3,-104.0000E-3,
,,,13.1900E-3,-104.0000E-3,
,,,13.2000E-3,-104.0000E-3,
,,,13.2100E-3,-104.0000E-3,
,,,13.2200E-3,-104.0000E-3,
,,,13.2300E-3,-104.0000E-3,
,,,13.2400E-3,-104.0000E-3,
,,,13.2500E-3,-104.0000E-3,
,,,13.2600E-3,-104.0000E-3,
,,,13.2700E-3,-104.0000E-3,
,,,13.2800E-3,-104.0000E-3,
,,,13.2900E-3,-104.0000E-3,
,,,13.3000E-3,-104.0000E-3,
,,,13.3100E-3,-104.0000E-3,
,,,13.3200E-3,-104.0000E-3,
,,,13.3300E-3,-104.0000E-3,
,,,13.3400E-3,-104.0000E-3,
,,,13.3500E-3,-104.0000E-3,
,,,13.3600E-3,-104.0000E-3,
,,,13.3700E-3,-104.0000E-3,
,,,13.3800E-3,-104.0000E-3,
,,,13.3900E-3,-99.999994E-3,
,,,13.4000E-3,-104.0000E-3,
,,,13.4100E-3,-99.999994E-3,
,,,13.4200E-3,-99.999994E-3,
,,,13.4300E-3,-99.999994E-3,
,,,13.4400E-3,-99.999994E-3,
,,,13.4500E-3,-99.999994E-3,
,,,13.4600E-3,-99.999994E-3,
,,,13.4700E-3,-99.999994E-3,
,,,13.4800E-3,-99.999994E-3,
,,,13.4900E-3,-99.999994E-3,
,,,13.5000E-3,-99.999994E-3,
,,,13.5100E-3,-99.999994E-3,
,,,13.5200E-3,-99.999994E-3,
,,,13.5300E-3,-99.999994E-3,
,,,13.5400E-3,-99.999994E-3,
,,,13.5500E-3,-99.999994E-3,
,,,13.5600E-3,-99.999994E-3,
,,,13.5700E-3,-99.999994E-3,
,,,13.5800E-3,-99.999994E-3,
,,,13.5900E-3,-99.999994E-3,
,,,13.6000E-3,-99.999994E-3,
,,,13.6100E-3,-99.999994E-3,
,,,13.6200E-3,-99.999994E-3,
,,,13.6300E-3,-95.999993E-3,
,,,13.6400E-3,-95.999993E-3,
,,,13.6500E-3,-95.999993E-3,
,,,13.6600E-3,-95.999993E-3,
,,,13.6700E-3,-95.999993E-3,
,,,13.6800E-3,-95.999993E-3,
,,,13.6900E-3,-95.999993E-3,
,,,13.7000E-3,-95.999993E-3,
,,,13.7100E-3,-95.999993E-3,
,,,13.7200E-3,-95.999993E-3,
,,,13.7300E-3,-95.999993E-3,
,,,13.7400E-3,-95.999993E-3,
,,,13.7500E-3,-95.999993E-3,
,,,13.7600E-3,-95.999993E-3,
,,,13.7700E-3,-95.999993E-3,
,,,13.7800E-3,-91.999993E-3,
,,,13.7900E-3,-91.999993E-3,
,,,13.8000E-3,-91.999993E-3,
,,,13.8100E-3,-91.999993E-3,
,,,13.8200E-3,-91.999993E-3,
,,,13.8300E-3,-91.999993E-3,
,,,13.8400E-3,-91.999993E-3,
,,,13.8500E-3,-91.999993E-3,
,,,13.8600E-3,-91.999993E-3,
,,,13.8700E-3,-91.999993E-3,
,,,13.8800E-3,-91.999993E-3,
,,,13.8900E-3,-91.999993E-3,
,,,13.9000E-3,-87.999992E-3,
,,,13.9100E-3,-87.999992E-3,
,,,13.9200E-3,-91.999993E-3,
,,,13.9300E-3,-87.999992E-3,
,,,13.9400E-3,-87.999992E-3,
,,,13.9500E-3,-87.999992E-3,
,,,13.9600E-3,-87.999992E-3,
,,,13.9700E-3,-87.999992E-3,
,,,13.9800E-3,-87.999992E-3,
,,,13.9900E-3,-87.999992E-3,
,,,14.0000E-3,-87.999992E-3,
,,,14.0100E-3,-87.999992E-3,
,,,14.0200E-3,-83.999991E-3,
,,,14.0300E-3,-83.999991E-3,
,,,14.0400E-3,-83.999991E-3,
,,,14.0500E-3,-83.999991E-3,
,,,14.0600E-3,-83.999991E-3,
,,,14.0700E-3,-83.999991E-3,
,,,14.0800E-3,-83.999991E-3,
,,,14.0900E-3,-83.999991E-3,
,,,14.1000E-3,-83.999991E-3,
,,,14.1100E-3,-83.999991E-3,
,,,14.1200E-3,-83.999991E-3,
,,,14.1300E-3,-83.999991E-3,
,,,14.1400E-3,-79.999998E-3,
,,,14.1500E-3,-79.999998E-3,
,,,14.1600E-3,-79.999998E-3,
,,,14.1700E-3,-79.999998E-3,
,,,14.1800E-3,-79.999998E-3,
,,,14.1900E-3,-79.999998E-3,
,,,14.2000E-3,-79.999998E-3,
,,,14.2100E-3,-79.999998E-3,
,,,14.2200E-3,-75.999998E-3,
,,,14.2300E-3,-75.999998E-3,
,,,14.2400E-3,-75.999998E-3,
,,,14.2500E-3,-75.999998E-3,
,,,14.2600E-3,-75.999998E-3,
,,,14.2700E-3,-75.999998E-3,
,,,14.2800E-3,-75.999998E-3,
,,,14.2900E-3,-75.999998E-3,
,,,14.3000E-3,-75.999998E-3,
,,,14.3100E-3,-71.999997E-3,
,,,14.3200E-3,-71.999997E-3,
,,,14.3300E-3,-71.999997E-3,
,,,14.3400E-3,-71.999997E-3,
,,,14.3500E-3,-71.999997E-3,
,,,14.3600E-3,-71.999997E-3,
,,,14.3700E-3,-71.999997E-3,
,,,14.3800E-3,-67.999996E-3,
,,,14.3900E-3,-67.999996E-3,
,,,14.4000E-3,-67.999996E-3,
,,,14.4100E-3,-67.999996E-3,
,,,14.4200E-3,-67.999996E-3,
,,,14.4300E-3,-67.999996E-3,
,,,14.4400E-3,-67.999996E-3,
,,,14.4500E-3,-67.999996E-3,
,,,14.4600E-3,-67.999996E-3,
,,,14.4700E-3,-67.999996E-3,
,,,14.4800E-3,-63.999996E-3,
,,,14.4900E-3,-63.999996E-3,
,,,14.5000E-3,-63.999996E-3,
,,,14.5100E-3,-63.999996E-3,
,,,14.5200E-3,-63.999996E-3,
,,,14.5300E-3,-63.999996E-3,
,,,14.5400E-3,-63.999996E-3,
,,,14.5500E-3,-59.999995E-3,
,,,14.5600E-3,-59.999995E-3,
,,,14.5700E-3,-59.999995E-3,
,,,14.5800E-3,-59.999995E-3,
,,,14.5900E-3,-59.999995E-3,
,,,14.6000E-3,-59.999995E-3,
,,,14.6100E-3,-59.999995E-3,
,,,14.6200E-3,-55.999994E-3,
,,,14.6300E-3,-55.999994E-3,
,,,14.6400E-3,-55.999994E-3,
,,,14.6500E-3,-55.999994E-3,
,,,14.6600E-3,-55.999994E-3,
,,,14.6700E-3,-55.999994E-3,
,,,14.6800E-3,-55.999994E-3,
,,,14.6900E-3,-55.999994E-3,
,,,14.7000E-3,-52.00000E-3,
,,,14.7100E-3,-52.00000E-3,
,,,14.7200E-3,-52.00000E-3,
,,,14.7300E-3,-52.00000E-3,
,,,14.7400E-3,-52.00000E-3,
,,,14.7500E-3,-52.00000E-3,
,,,14.7600E-3,-52.00000E-3,
,,,14.7700E-3,-48.00000E-3,
,,,14.7800E-3,-48.00000E-3,
,,,14.7900E-3,-48.00000E-3,
,,,14.8000E-3,-48.00000E-3,
,,,14.8100E-3,-48.00000E-3,
,,,14.8200E-3,-48.00000E-3,
,,,14.8300E-3,-48.00000E-3,
,,,14.8400E-3,-44.00000E-3,
,,,14.8500E-3,-44.00000E-3,
,,,14.8600E-3,-44.00000E-3,
,,,14.8700E-3,-44.00000E-3,
,,,14.8800E-3,-44.00000E-3,
,,,14.8900E-3,-44.00000E-3,
,,,14.9000E-3,-44.00000E-3,
,,,14.9100E-3,-40.00000E-3,
,,,14.9200E-3,-40.00000E-3,
,,,14.9300E-3,-40.00000E-3,
,,,14.9400E-3,-40.00000E-3,
,,,14.9500E-3,-40.00000E-3,
,,,14.9600E-3,-36.00000E-3,
,,,14.9700E-3,-36.00000E-3,
,,,14.9800E-3,-36.00000E-3,
,,,14.9900E-3,-36.00000E-3,
,,,15.0000E-3,-36.00000E-3,
,,,15.0100E-3,-36.00000E-3,
,,,15.0200E-3,-36.00000E-3,
,,,15.0300E-3,-32.00000E-3,
,,,15.0400E-3,-32.00000E-3,
,,,15.0500E-3,-32.00000E-3,
,,,15.0600E-3,-32.00000E-3,
,,,15.0700E-3,-32.00000E-3,
,,,15.0800E-3,-32.00000E-3,
,,,15.0900E-3,-32.00000E-3,
,,,15.1000E-3,-32.00000E-3,
,,,15.1100E-3,-28.00000E-3,
,,,15.1200E-3,-28.00000E-3,
,,,15.1300E-3,-28.00000E-3,
,,,15.1400E-3,-28.00000E-3,
,,,15.1500E-3,-28.00000E-3,
,,,15.1600E-3,-28.00000E-3,
,,,15.1700E-3,-24.00000E-3,
,,,15.1800E-3,-24.00000E-3,
,,,15.1900E-3,-24.00000E-3,
,,,15.2000E-3,-24.00000E-3,
,,,15.2100E-3,-24.00000E-3,
,,,15.2200E-3,-24.00000E-3,
,,,15.2300E-3,-20.0000E-3,
,,,15.2400E-3,-20.0000E-3,
,,,15.2500E-3,-20.0000E-3,
,,,15.2600E-3,-20.0000E-3,
,,,15.2700E-3,-20.0000E-3,
,,,15.2800E-3,-20.0000E-3,
,,,15.2900E-3,-16.0000E-3,
,,,15.3000E-3,-16.0000E-3,
,,,15.3100E-3,-16.0000E-3,
,,,15.3200E-3,-16.0000E-3,
,,,15.3300E-3,-16.0000E-3,
,,,15.3400E-3,-16.0000E-3,
,,,15.3500E-3,-12.0000E-3,
,,,15.3600E-3,-12.0000E-3,
,,,15.3700E-3,-12.0000E-3,
,,,15.3800E-3,-12.0000E-3,
,,,15.3900E-3,-12.0000E-3,
,,,15.4000E-3,-12.0000E-3,
,,,15.4100E-3,-7.999999E-3,
,,,15.4200E-3,-7.999999E-3,
,,,15.4300E-3,-7.999999E-3,
,,,15.4400E-3,-7.999999E-3,
,,,15.4500E-3,-7.999999E-3,
,,,15.4600E-3,-7.999999E-3,
,,,15.4700E-3,-4.00000E-3,
,,,15.4800E-3,-4.00000E-3,
,,,15.4900E-3,-4.00000E-3,
,,,15.5000E-3,-4.00000E-3,
,,,15.5100E-3,-4.00000E-3,
,,,15.5200E-3,0.0,
,,,15.5300E-3,0.0,
,,,15.5400E-3,0.0,
,,,15.5500E-3,0.0,
,,,15.5600E-3,0.0,
,,,15.5700E-3,0.0,
,,,15.5800E-3,0.0,
,,,15.5900E-3,4.00000E-3,
,,,15.6000E-3,4.00000E-3,
,,,15.6100E-3,4.00000E-3,
,,,15.6200E-3,4.00000E-3,
,,,15.6300E-3,4.00000E-3,
,,,15.6400E-3,4.00000E-3,
,,,15.6500E-3,7.999999E-3,
,,,15.6600E-3,7.999999E-3,
,,,15.6700E-3,7.999999E-3,
,,,15.6800E-3,7.999999E-3,
,,,15.6900E-3,7.999999E-3,
,,,15.7000E-3,7.999999E-3,
,,,15.7100E-3,12.0000E-3,
,,,15.7200E-3,12.0000E-3,
,,,15.7300E-3,12.0000E-3,
,,,15.7400E-3,12.0000E-3,
,,,15.7500E-3,12.0000E-3,
,,,15.7600E-3,12.0000E-3,
,,,15.7700E-3,16.0000E-3,
,,,15.7800E-3,16.0000E-3,
,,,15.7900E-3,16.0000E-3,
,,,15.8000E-3,16.0000E-3,
,,,15.8100E-3,16.0000E-3,
,,,15.8200E-3,20.0000E-3,
,,,15.8300E-3,20.0000E-3,
,,,15.8400E-3,20.0000E-3,
,,,15.8500E-3,20.0000E-3,
,,,15.8600E-3,20.0000E-3,
,,,15.8700E-3,20.0000E-3,
,,,15.8800E-3,20.0000E-3,
,,,15.8900E-3,24.00000E-3,
,,,15.9000E-3,24.00000E-3,
,,,15.9100E-3,24.00000E-3,
,,,15.9200E-3,24.00000E-3,
,,,15.9300E-3,24.00000E-3,
,,,15.9400E-3,24.00000E-3,
,,,15.9500E-3,28.00000E-3,
,,,15.9600E-3,28.00000E-3,
,,,15.9700E-3,28.00000E-3,
,,,15.9800E-3,28.00000E-3,
,,,15.9900E-3,28.00000E-3,
,,,16.0000E-3,28.00000E-3,
,,,16.0100E-3,32.00000E-3,
,,,16.0200E-3,32.00000E-3,
,,,16.0300E-3,32.00000E-3,
,,,16.0400E-3,32.00000E-3,
,,,16.0500E-3,32.00000E-3,
,,,16.0600E-3,32.00000E-3,
,,,16.0700E-3,36.00000E-3,
,,,16.0800E-3,36.00000E-3,
,,,16.0900E-3,36.00000E-3,
,,,16.1000E-3,36.00000E-3,
,,,16.1100E-3,36.00000E-3,
,,,16.1200E-3,36.00000E-3,
,,,16.1300E-3,40.00000E-3,
,,,16.1400E-3,40.00000E-3,
,,,16.1500E-3,40.00000E-3,
,,,16.1600E-3,40.00000E-3,
,,,16.1700E-3,40.00000E-3,
,,,16.1800E-3,40.00000E-3,
,,,16.1900E-3,40.00000E-3,
